Employee_info,Employee_Name,EmpID,MarriedID,MaritalStatusID,GenderID,EmpStatusID,DeptID,PerfScoreID,FromDiversityJobFairID,Salary,Termd,PositionID,Position,State,Zip,DOB,Sex,MaritalDesc,CitizenDesc,HispanicLatino,RaceDesc,DateofHire,DateofTermination,TermReason,EmploymentStatus,Department,ManagerName,ManagerID,RecruitmentSource,PerformanceScore,EngagementSurvey,EmpSatisfaction,SpecialProjectsCount,LastPerformanceReview_Date,DaysLateLast30,Absences
"Wilson K Adinolfi, Production Technician I",Wilson K Adinolfi,10026,0,0,1,1,5,4,0,62506,0,19,Production Technician I,MA,1960,7/10/1983,M ,Single,US Citizen,No,White,7/5/2011,,N/A-StillEmployed,Active,Production       ,Michael Albert,22,LinkedIn,Exceeds,4.6,5,0,1/17/2019,0,1
"Karthikeyan Ait Sidi, Sr. DBA",Karthikeyan Ait Sidi,10084,1,1,1,5,3,3,0,104437,1,27,Sr. DBA,MA,2148,5/5/1975,M ,Married,US Citizen,No,White,3/30/2015,6/16/2016,career change,Voluntarily Terminated,IT/IS,Simon Roup,4,Indeed,Fully Meets,4.96,3,6,2/24/2016,0,17
"Sarah Akinkuolie, Production Technician II",Sarah Akinkuolie,10196,1,1,0,5,5,3,0,64955,1,20,Production Technician II,MA,1810,9/19/1988,F,Married,US Citizen,No,White,7/5/2011,9/24/2012,hours,Voluntarily Terminated,Production       ,Kissy Sullivan,20,LinkedIn,Fully Meets,3.02,3,0,5/15/2012,0,3
"Trina Alagbe, Production Technician I",Trina Alagbe,10088,1,1,0,1,5,3,0,64991,0,19,Production Technician I,MA,1886,9/27/1988,F,Married,US Citizen,No,White,1/7/2008,,N/A-StillEmployed,Active,Production       ,Elijiah Gray,16,Indeed,Fully Meets,4.84,5,0,1/3/2019,0,15
"Carol Anderson, Production Technician I",Carol Anderson,10069,0,2,0,5,5,3,0,50825,1,19,Production Technician I,MA,2169,9/8/1989,F,Divorced,US Citizen,No,White,7/11/2011,9/6/2016,return to school,Voluntarily Terminated,Production       ,Webster Butler,39,Google Search,Fully Meets,5,4,0,2/1/2016,0,2
"Linda Anderson, Production Technician I",Linda Anderson,10002,0,0,0,1,5,4,0,57568,0,19,Production Technician I,MA,1844,5/22/1977,F,Single,US Citizen,No,White,1/9/2012,,N/A-StillEmployed,Active,Production       ,Amy Dunn,11,LinkedIn,Exceeds,5,5,0,1/7/2019,0,15
"Colby Andreola, Software Engineer",Colby Andreola,10194,0,0,0,1,4,3,0,95660,0,24,Software Engineer,MA,2110,5/24/1979,F,Single,US Citizen,No,White,11/10/2014,,N/A-StillEmployed,Active,Software Engineering,Alex Sweetwater,10,LinkedIn,Fully Meets,3.04,3,4,1/2/2019,0,19
"Sam Athwal, Production Technician I",Sam Athwal,10062,0,4,1,1,5,3,0,59365,0,19,Production Technician I,MA,2199,2/18/1983,M ,Widowed,US Citizen,No,White,9/30/2013,,N/A-StillEmployed,Active,Production       ,Ketsia Liebig,19,Employee Referral,Fully Meets,5,4,0,2/25/2019,0,19
"Linda Bachiochi, Production Technician I",Linda Bachiochi,10114,0,0,0,3,5,3,1,47837,0,19,Production Technician I,MA,1902,2/11/1970,F,Single,US Citizen,No,Black or African American,7/6/2009,,N/A-StillEmployed,Active,Production       ,Brannon Miller,12,Diversity Job Fair,Fully Meets,4.46,3,0,1/25/2019,0,4
"Alejandro Bacong, IT Support",Alejandro Bacong,10250,0,2,1,1,3,3,0,50178,0,14,IT Support,MA,1886,1/7/1988,M ,Divorced,US Citizen,No,White,1/5/2015,,N/A-StillEmployed,Active,IT/IS,Peter Monroe,7,Indeed,Fully Meets,5,5,6,2/18/2019,0,16
"Rachael Baczenski, Production Technician I",Rachael Baczenski,10252,1,1,0,5,5,3,1,54670,1,19,Production Technician I,MA,1902,1/12/1974,F,Married,US Citizen,Yes,Black or African American,1/10/2011,1/12/2017,Another position,Voluntarily Terminated,Production       ,David Stanley,14,Diversity Job Fair,Fully Meets,4.2,4,0,1/30/2016,0,12
"Thomas Barbara, Production Technician I",Thomas Barbara,10242,1,1,1,5,5,3,1,47211,1,19,Production Technician I,MA,2062,2/21/1974,M ,Married,US Citizen,Yes,Black or African American,4/2/2012,9/19/2016,unhappy,Voluntarily Terminated,Production       ,Kissy Sullivan,20,Diversity Job Fair,Fully Meets,4.2,3,0,5/6/2016,0,15
"Hector Barbossa, Data Analyst",Hector Barbossa,10012,0,2,1,1,3,4,1,92328,0,9,Data Analyst,TX,78230,7/4/1988,M ,Divorced,US Citizen,No,Black or African American,11/10/2014,,N/A-StillEmployed,Active,IT/IS,Simon Roup,4,Diversity Job Fair,Exceeds,4.28,4,5,2/25/2019,0,9
"Francesco A Barone, Production Technician I",Francesco A Barone,10265,0,0,1,1,5,3,0,58709,0,19,Production Technician I,MA,1810,7/20/1983,M ,Single,US Citizen,No,Two or more races,2/20/2012,,N/A-StillEmployed,Active,Production       ,Kelley Spirea,18,Google Search,Fully Meets,4.6,4,0,2/14/2019,0,7
"Nader Barton, Production Technician I",Nader Barton,10066,0,2,1,5,5,3,0,52505,1,19,Production Technician I,MA,2747,7/15/1977,M ,Divorced,US Citizen,No,White,9/24/2012,4/6/2017,Another position,Voluntarily Terminated,Production       ,Michael Albert,22,On-line Web application,Fully Meets,5,5,0,3/2/2017,0,1
"Norman Bates, Production Technician I",Norman Bates,10061,0,0,1,4,5,3,0,57834,1,19,Production Technician I,MA,2050,10/18/1981,M ,Single,US Citizen,No,White,2/21/2011,8/4/2017,attendance,Terminated for Cause,Production       ,Kelley Spirea,18,Google Search,Fully Meets,5,4,0,4/5/2017,0,20
"Kimberly Beak, Production Technician II",Kimberly Beak,10023,1,1,0,2,5,4,0,70131,0,20,Production Technician II,MA,2145,4/17/1966,F,Married,US Citizen,No,White,7/21/2016,,N/A-StillEmployed,Active,Production       ,Kelley Spirea,18,Employee Referral,Exceeds,4.4,3,0,1/14/2019,0,16
"Courtney Beatrice, Production Technician I",Courtney Beatrice,10055,0,0,0,1,5,3,0,59026,0,19,Production Technician I,MA,1915,10/27/1970,F,Single,Eligible NonCitizen,No,White,4/4/2011,,N/A-StillEmployed,Active,Production       ,Elijiah Gray,16,Google Search,Fully Meets,5,5,0,1/14/2019,0,12
"Renee Becker, Database Administrator",Renee Becker,10245,0,0,0,4,3,3,0,110000,1,8,Database Administrator,MA,2026,4/4/1986,F,Single,US Citizen,Yes,White,7/7/2014,9/12/2015,performance,Terminated for Cause,IT/IS,Simon Roup,4,Google Search,Fully Meets,4.5,4,5,1/15/2015,0,8
"Scott Becker, Production Technician I",Scott Becker,10277,0,0,1,3,5,3,0,53250,0,19,Production Technician I,MA,2452,4/6/1979,M ,Single,US Citizen,No,Asian,7/8/2013,,N/A-StillEmployed,Active,Production       ,Webster Butler,,LinkedIn,Fully Meets,4.2,4,0,1/11/2019,0,13
"Sean Bernstein, Production Technician I",Sean Bernstein,10046,0,0,1,1,5,3,0,51044,0,19,Production Technician I,MA,2072,12/22/1970,M ,Single,US Citizen,Yes,White,4/2/2012,,N/A-StillEmployed,Active,Production       ,Amy Dunn,11,Google Search,Fully Meets,5,3,0,1/14/2019,0,13
"Lowan M Biden, Production Technician I",Lowan M Biden,10226,0,2,0,1,5,3,0,64919,0,19,Production Technician I,MA,2027,12/27/1958,F,Divorced,US Citizen,No,Asian,8/19/2013,,N/A-StillEmployed,Active,Production       ,Ketsia Liebig,19,Indeed,Fully Meets,4.2,3,0,1/10/2019,0,2
"Helen Billis, Production Technician I",Helen Billis,10003,1,1,0,1,5,4,0,62910,0,19,Production Technician I,MA,2031,9/1/1989,F,Married,US Citizen,No,White,7/7/2014,,N/A-StillEmployed,Active,Production       ,Brannon Miller,12,Indeed,Exceeds,5,3,0,2/27/2019,0,19
"Dianna Blount, Production Technician II",Dianna Blount,10294,0,0,0,1,5,2,0,66441,0,20,Production Technician II,MA,2171,9/21/1990,F,Single,US Citizen,No,White,4/4/2011,,N/A-StillEmployed,Active,Production       ,Michael Albert,22,CareerBuilder,Needs Improvement,2,3,0,2/27/2019,2,3
"Betsy Bondwell, Production Technician II",Betsy Bondwell,10267,0,0,0,5,5,3,0,57815,1,20,Production Technician II,MA,2210,1/16/1967,F,Single,US Citizen,No,White,1/10/2011,4/4/2014,career change,Voluntarily Terminated,Production       ,Elijiah Gray,16,Google Search,Fully Meets,4.8,5,0,3/4/2014,0,5
"Frank Booth, Enterprise Architect",Frank Booth,10199,0,0,1,4,3,3,0,103613,1,30,Enterprise Architect,CT,6033,7/30/1964,M ,Single,US Citizen,No,Black or African American,2/17/2014,2/19/2016,Learned that he is a gangster,Terminated for Cause,IT/IS,Simon Roup,4,LinkedIn,Fully Meets,3.5,5,7,1/10/2016,0,2
"Bonalyn Boutwell, Sr. Accountant",Bonalyn Boutwell,10081,1,1,0,1,1,3,1,106367,0,26,Sr. Accountant,MA,2468,4/4/1987,F,Married,US Citizen,No,Black or African American,2/16/2015,,N/A-StillEmployed,Active,Admin Offices,Brandon R. LeBlanc,3,Diversity Job Fair,Fully Meets,5,4,3,2/18/2019,0,4
"Charles Bozzi, Production Manager",Charles Bozzi,10175,0,0,1,5,5,3,0,74312,1,18,Production Manager,MA,1901,3/10/1970,M ,Single,US Citizen,No,Asian,9/30/2013,8/7/2014,retiring,Voluntarily Terminated,Production       ,Janet King,2,Indeed,Fully Meets,3.39,3,0,2/20/2014,0,14
"Donna Brill, Production Technician I",Donna Brill,10177,1,1,0,5,5,3,0,53492,1,19,Production Technician I,MA,1701,8/24/1990,F,Married,US Citizen,No,White,4/2/2012,6/15/2013,Another position,Voluntarily Terminated,Production       ,David Stanley,14,Google Search,Fully Meets,3.35,4,0,3/4/2013,0,6
"Mia Brown, Accountant I",Mia Brown,10238,1,1,0,1,1,3,1,63000,0,1,Accountant I,MA,1450,11/24/1987,F,Married,US Citizen,No,Black or African American,10/27/2008,,N/A-StillEmployed,Active,Admin Offices,Brandon R. LeBlanc,1,Diversity Job Fair,Fully Meets,4.5,2,6,1/15/2019,0,14
"Joseph Buccheri, Production Technician II",Joseph Buccheri,10184,0,0,1,1,5,3,0,65288,0,20,Production Technician II,MA,1013,7/28/1983,M ,Single,US Citizen,No,White,9/29/2014,,N/A-StillEmployed,Active,Production       ,Webster Butler,,Google Search,Fully Meets,3.19,3,0,2/1/2019,0,9
"Josephine Bugali, Production Technician I",Josephine Bugali,10203,0,3,0,3,5,3,1,64375,0,19,Production Technician I,MA,2043,10/30/1969,F,Separated,US Citizen,No,Black or African American,11/11/2013,,N/A-StillEmployed,Active,Production       ,Kissy Sullivan,20,Diversity Job Fair,Fully Meets,3.5,5,0,1/21/2019,0,17
"Jessica Bunbury, Area Sales Manager",Jessica Bunbury,10188,1,1,0,5,6,3,0,74326,1,3,Area Sales Manager,VA,21851,6/1/1964,F,Married,Eligible NonCitizen,No,Black or African American,8/15/2011,8/2/2014,Another position,Voluntarily Terminated,Sales,John Smith,17,Google Search,Fully Meets,3.14,5,0,2/10/2013,1,19
"Joelle Burke, Production Technician II",Joelle Burke,10107,0,0,0,1,5,3,0,63763,0,20,Production Technician II,MA,2148,3/2/1980,F,Single,US Citizen,No,Black or African American,3/5/2012,,N/A-StillEmployed,Active,Production       ,Amy Dunn,11,Employee Referral,Fully Meets,4.51,4,0,2/21/2019,0,3
"Benjamin Burkett, Production Technician II",Benjamin Burkett,10181,1,1,1,1,5,3,0,62162,0,20,Production Technician II,MA,1890,8/19/1977,M ,Married,US Citizen,No,White,4/4/2011,,N/A-StillEmployed,Active,Production       ,Ketsia Liebig,19,Indeed,Fully Meets,3.25,5,0,1/14/2019,0,15
"Max Cady, Software Engineering Manager",Max Cady,10150,0,0,1,1,4,3,0,77692,0,25,Software Engineering Manager,MA,2184,11/22/1966,M ,Single,US Citizen,No,White,8/15/2011,,N/A-StillEmployed,Active,Software Engineering,Jennifer Zamora,5,Google Search,Fully Meets,3.84,3,5,1/21/2019,0,4
"Calvin Candie, Production Manager",Calvin Candie,10001,0,0,1,1,5,4,0,72640,0,18,Production Manager,MA,2169,8/9/1983,M ,Single,US Citizen,No,White,1/28/2016,,N/A-StillEmployed,Active,Production       ,Janet King,2,Indeed,Exceeds,5,3,0,2/22/2019,0,14
"Judith Carabbio, Software Engineer",Judith Carabbio,10085,0,0,0,1,4,3,0,93396,0,24,Software Engineer,MA,2132,4/5/1987,F,Single,US Citizen,No,White,11/11/2013,,N/A-StillEmployed,Active,Software Engineering,Alex Sweetwater,10,Indeed,Fully Meets,4.96,4,6,1/30/2019,0,3
"Michael Carey, Production Technician I",Michael Carey,10115,0,0,1,1,5,3,0,52846,0,19,Production Technician I,MA,1701,2/2/1983,M ,Single,US Citizen,No,Black or African American,3/31/2014,,N/A-StillEmployed,Active,Production       ,Kelley Spirea,18,LinkedIn,Fully Meets,4.43,3,0,2/1/2019,0,14
"Claudia N Carr, Sr. DBA",Claudia N Carr,10082,0,0,0,2,3,3,0,100031,0,27,Sr. DBA,MA,1886,6/6/1986,F,Single,US Citizen,No,Black or African American,6/30/2016,,N/A-StillEmployed,Active,IT/IS,Simon Roup,4,LinkedIn,Fully Meets,5,5,6,2/18/2019,0,7
"Michelle Carter, Area Sales Manager",Michelle Carter,10040,0,0,0,1,6,3,0,71860,0,3,Area Sales Manager,VT,5664,5/15/1963,F,Single,US Citizen,No,White,8/18/2014,,N/A-StillEmployed,Active,Sales,John Smith,17,Indeed,Fully Meets,5,5,0,1/21/2019,0,7
"Beatrice Chace, Production Technician I",Beatrice Chace,10067,0,0,0,1,5,3,0,61656,0,19,Production Technician I,MA,2763,1/2/1951,F,Single,US Citizen,No,White,9/29/2014,,N/A-StillEmployed,Active,Production       ,Michael Albert,22,Google Search,Fully Meets,5,4,0,2/12/2019,0,11
"Brian Champaigne, BI Director",Brian Champaigne,10108,1,1,1,1,3,3,0,110929,0,5,BI Director,MA,2045,2/9/1972,M ,Married,US Citizen,No,White,9/6/2016,,N/A-StillEmployed,Active,IT/IS,Jennifer Zamora,5,Indeed,Fully Meets,4.5,5,7,1/15/2019,0,8
"Lin Chan, Production Technician I",Lin Chan,10210,0,0,0,1,5,3,0,54237,0,19,Production Technician I,MA,2170,2/12/1979,F,Single,US Citizen,No,White,5/12/2014,,N/A-StillEmployed,Active,Production       ,Elijiah Gray,16,Indeed,Fully Meets,3.3,4,0,2/19/2019,0,11
"Donovan E Chang, Production Technician I",Donovan E Chang,10154,0,0,1,1,5,3,0,60380,0,19,Production Technician I,MA,1845,8/24/1983,M ,Single,US Citizen,No,White,7/8/2013,,N/A-StillEmployed,Active,Production       ,Webster Butler,,LinkedIn,Fully Meets,3.8,5,0,1/14/2019,0,4
"Anton Chigurh, Area Sales Manager",Anton Chigurh,10200,0,0,1,1,6,3,0,66808,0,3,Area Sales Manager,TX,78207,6/11/1970,M ,Single,Eligible NonCitizen,No,Black or African American,5/14/2012,,N/A-StillEmployed,Active,Sales,Lynn Daneault,21,Employee Referral,Fully Meets,3,5,0,1/19/2019,0,17
"Enola Chivukula, Production Technician I",Enola Chivukula,10240,0,0,0,5,5,3,0,64786,1,19,Production Technician I,MA,1775,8/27/1983,F,Single,US Citizen,No,White,6/27/2011,11/15/2015,relocation out of area,Voluntarily Terminated,Production       ,Amy Dunn,11,Indeed,Fully Meets,4.3,4,0,3/10/2015,0,3
"Caroline Cierpiszewski, Production Technician I",Caroline Cierpiszewski,10168,0,0,0,1,5,3,0,64816,0,19,Production Technician I,MA,2044,5/31/1988,F,Single,Non-Citizen,No,Black or African American,10/3/2011,,N/A-StillEmployed,Active,Production       ,Ketsia Liebig,19,Indeed,Fully Meets,3.58,5,0,1/30/2019,0,3
"Rick Clayton, IT Support",Rick Clayton,10220,0,0,1,1,3,3,0,68678,0,14,IT Support,MA,2170,9/5/1985,M ,Single,US Citizen,No,White,9/5/2012,,N/A-StillEmployed,Active,IT/IS,Eric Dougall,6,Indeed,Fully Meets,4.7,3,6,2/27/2019,0,2
"Jennifer Cloninger, Production Technician II",Jennifer Cloninger,10275,1,1,0,5,5,3,0,64066,1,20,Production Technician II,MA,1752,8/31/1981,F,Married,US Citizen,No,White,5/16/2011,1/7/2013,unhappy,Voluntarily Terminated,Production       ,Brannon Miller,12,Google Search,Fully Meets,4.2,5,0,5/3/2012,0,9
"Phil Close, Production Technician II",Phil Close,10269,1,1,1,5,5,3,0,59369,1,20,Production Technician II,MA,2169,11/25/1978,M ,Married,US Citizen,No,White,8/30/2010,9/26/2011,career change,Voluntarily Terminated,Production       ,David Stanley,14,Indeed,Fully Meets,4.2,4,0,5/4/2011,0,6
"Elijian Clukey, Production Technician I",Elijian Clukey,10029,1,1,1,2,5,4,0,50373,0,19,Production Technician I,MA,2134,8/26/1980,M ,Married,US Citizen,No,White,7/6/2016,,N/A-StillEmployed,Active,Production       ,Brannon Miller,12,Employee Referral,Exceeds,4.1,4,0,2/28/2019,0,5
"James Cockel, Production Technician I",James Cockel,10261,0,0,1,1,5,3,0,63108,0,19,Production Technician I,MA,2452,9/8/1977,M ,Single,US Citizen,No,White,7/8/2013,,N/A-StillEmployed,Active,Production       ,David Stanley,14,Employee Referral,Fully Meets,4.4,5,0,1/14/2019,0,3
"Spencer Cole, Production Technician I",Spencer Cole,10292,0,0,1,4,5,2,0,59144,1,19,Production Technician I,MA,1880,8/12/1979,M ,Single,US Citizen,No,Black or African American,7/11/2011,9/23/2016,performance,Terminated for Cause,Production       ,Kissy Sullivan,20,LinkedIn,Needs Improvement,2,3,0,5/1/2016,5,16
"Michael Corleone, Production Manager",Michael Corleone,10282,0,2,1,1,5,2,0,68051,0,18,Production Manager,MA,1803,12/17/1975,M ,Divorced,US Citizen,No,White,7/20/2010,,N/A-StillEmployed,Active,Production       ,Janet King,2,CareerBuilder,Needs Improvement,4.13,2,0,1/14/2019,3,3
"Vito Corleone, Director of Operations",Vito Corleone,10019,0,0,1,1,5,4,0,170500,0,10,Director of Operations,MA,2030,3/19/1983,M ,Single,US Citizen,No,Black or African American,1/5/2009,,N/A-StillEmployed,Active,Production       ,Janet King,2,Indeed,Exceeds,3.7,5,0,2/4/2019,0,15
"Lisa Cornett, Production Technician I",Lisa Cornett,10094,1,1,0,1,5,3,0,63381,0,19,Production Technician I,MA,2189,3/31/1977,F,Married,US Citizen,Yes,White,1/5/2015,,N/A-StillEmployed,Active,Production       ,Kelley Spirea,18,Indeed,Fully Meets,4.73,5,0,2/14/2019,0,6
"Frank Costello, Data Analyst",Frank Costello,10193,1,1,1,1,3,3,0,83552,0,9,Data Analyst,MA,1810,8/26/1986,M ,Married,US Citizen,No,White,3/30/2015,,N/A-StillEmployed,Active,IT/IS,Simon Roup,4,Indeed,Fully Meets,3.04,3,6,1/22/2019,0,2
"Jean Crimmings, Production Technician I",Jean Crimmings,10132,0,0,0,2,5,3,0,56149,0,19,Production Technician I,MA,1821,4/10/1987,F,Single,US Citizen,No,White,7/6/2016,,N/A-StillEmployed,Active,Production       ,Michael Albert,22,LinkedIn,Fully Meets,4.12,5,0,1/28/2019,0,15
"Noah Cross, Sr. Network Engineer",Noah Cross,10083,0,0,1,1,3,3,0,92329,0,28,Sr. Network Engineer,CT,6278,9/9/1965,M ,Single,US Citizen,No,White,11/10/2014,,N/A-StillEmployed,Active,IT/IS,Peter Monroe,7,Employee Referral,Fully Meets,5,3,4,1/2/2019,0,5
"Lynn Daneault, Sales Manager",Lynn Daneault,10099,0,0,0,1,6,3,0,65729,0,21,Sales Manager,VT,5473,4/19/1990,F,Single,US Citizen,No,White,5/5/2014,,N/A-StillEmployed,Active,Sales,Debra Houlihan,15,Indeed,Fully Meets,4.62,4,0,1/24/2019,0,8
"Ann Daniele, Sr. Network Engineer",Ann Daniele,10212,1,1,0,3,3,3,0,85028,0,28,Sr. Network Engineer,CT,6033,1/18/1952,F,Married,US Citizen,No,White,11/10/2014,,N/A-StillEmployed,Active,IT/IS,Peter Monroe,7,LinkedIn,Fully Meets,3.1,5,8,2/12/2019,0,19
"Jene'ya Darson, Production Technician I",Jene'ya Darson,10056,1,1,0,1,5,3,0,57583,0,19,Production Technician I,MA,2110,11/5/1978,F,Married,US Citizen,No,White,7/2/2012,,N/A-StillEmployed,Active,Production       ,Elijiah Gray,16,Indeed,Fully Meets,5,3,0,2/25/2019,0,1
"Daniel Davis, Production Technician II",Daniel Davis,10143,0,0,1,1,5,3,0,56294,0,20,Production Technician II,MA,2458,9/14/1979,M ,Single,Eligible NonCitizen,No,Two or more races,11/7/2011,,N/A-StillEmployed,Active,Production       ,Kissy Sullivan,20,LinkedIn,Fully Meets,3.96,4,0,2/27/2019,0,6
"Randy Dee, Production Technician I",Randy Dee,10311,1,1,1,1,6,1,0,56991,0,19,Production Technician I,MA,2138,4/15/1988,M ,Married,US Citizen,No,White,7/9/2018,,N/A-StillEmployed,Active,Production       ,Brannon Miller,12,Indeed,Fully Meets,4.3,4,3,1/31/2019,2,2
"James De DeGweck, Production Technician I",James De DeGweck,10070,1,1,1,5,5,3,0,55722,1,19,Production Technician I,MA,1810,10/31/1977,M ,Married,US Citizen,No,White,5/16/2011,6/8/2016,unhappy,Voluntarily Terminated,Production       ,Webster Butler,39,Indeed,Fully Meets,5,4,0,4/2/2016,0,14
"Bosque Keyla Del Bosque, Software Engineer",Bosque Keyla Del Bosque,10155,0,0,0,1,4,3,0,101199,0,24,Software Engineer,MA,2176,7/5/1979,F,Single,US Citizen,No,Black or African American,1/9/2012,,N/A-StillEmployed,Active,Software Engineering,Alex Sweetwater,10,CareerBuilder,Fully Meets,3.79,5,5,1/25/2019,0,8
"Alex Delarge, Area Sales Manager",Alex Delarge,10306,0,0,1,1,6,1,0,61568,0,3,Area Sales Manager,AL,36006,11/2/1975,M ,Single,US Citizen,No,Two or more races,9/29/2014,,N/A-StillEmployed,Active,Sales,John Smith,17,Indeed,PIP,1.93,3,0,1/30/2019,6,5
"Carla Demita, Production Technician II",Carla Demita,10100,0,3,0,5,5,3,0,58275,1,20,Production Technician II,MA,2343,2/25/1951,F,Separated,US Citizen,No,Black or African American,4/4/2011,11/4/2015,more money,Voluntarily Terminated,Production       ,Kelley Spirea,18,Google Search,Fully Meets,4.62,5,0,5/6/2015,0,1
"Carl Desimone, Production Technician I",Carl Desimone,10310,1,1,1,1,5,1,0,53189,0,19,Production Technician I,MA,2061,4/19/1967,M ,Married,US Citizen,No,White,7/7/2014,,N/A-StillEmployed,Active,Production       ,Amy Dunn,11,Indeed,PIP,1.12,2,0,1/31/2019,4,9
"Tommy DeVito, BI Developer",Tommy DeVito,10197,0,0,1,1,3,3,0,96820,0,4,BI Developer,MA,2045,9/4/1983,M ,Single,US Citizen,No,White,2/15/2017,,N/A-StillEmployed,Active,IT/IS,Brian Champaigne,13,Indeed,Fully Meets,3.01,5,7,1/23/2019,0,15
"Geoff Dickinson, Production Technician I",Geoff Dickinson,10276,0,0,1,1,5,3,0,51259,0,19,Production Technician I,MA,2180,11/15/1982,M ,Single,US Citizen,No,White,5/12/2014,,N/A-StillEmployed,Active,Production       ,Ketsia Liebig,19,Indeed,Fully Meets,4.3,4,0,2/19/2019,0,1
"Jenna Dietrich, Area Sales Manager",Jenna Dietrich,10304,0,0,0,1,6,1,0,59231,0,3,Area Sales Manager,WA,98052,5/14/1987,F,Single,US Citizen,Yes,White,2/20/2012,,N/A-StillEmployed,Active,Sales,John Smith,17,Website,PIP,2.3,1,0,1/29/2019,2,17
"Lily DiNocco, Production Technician I",Lily DiNocco,10284,1,1,0,1,5,2,0,61584,0,19,Production Technician I,MA,2351,12/2/1978,F,Married,US Citizen,No,Black or African American,1/7/2013,,N/A-StillEmployed,Active,Production       ,Brannon Miller,12,Indeed,Needs Improvement,3.88,4,0,1/18/2019,0,6
"Denisa S Dobrin, Production Technician I",Denisa S Dobrin,10207,0,0,0,1,5,3,0,46335,0,19,Production Technician I,MA,2125,10/7/1986,F,Single,US Citizen,Yes,White,4/2/2012,,N/A-StillEmployed,Active,Production       ,David Stanley,14,CareerBuilder,Fully Meets,3.4,5,0,2/19/2019,0,15
"Linda Dolan, IT Support",Linda Dolan,10133,1,1,0,1,3,3,0,70621,0,14,IT Support,MA,2119,7/18/1988,F,Married,US Citizen,No,White,1/5/2015,,N/A-StillEmployed,Active,IT/IS,Peter Monroe,7,Employee Referral,Fully Meets,4.11,4,6,2/25/2019,0,16
"Eric Dougall, IT Manager - Support",Eric Dougall,10028,0,0,1,1,3,4,0,138888,0,13,IT Manager - Support,MA,1886,7/9/1970,M ,Single,US Citizen,No,Black or African American,1/5/2014,,N/A-StillEmployed,Active,IT/IS,Jennifer Zamora,5,Indeed,Exceeds,4.3,5,5,1/4/2019,0,4
"Elle Driver, Area Sales Manager",Elle Driver,10006,0,0,0,1,6,4,0,74241,0,3,Area Sales Manager,CA,90007,11/8/1988,F,Single,US Citizen,No,White,1/10/2011,,N/A-StillEmployed,Active,Sales,Lynn Daneault,21,Indeed,Exceeds,4.77,5,0,1/27/2019,0,14
"Amy Dunn, Production Manager",Amy Dunn,10105,0,0,0,1,5,3,0,75188,0,18,Production Manager,MA,1731,11/28/1973,F,Single,US Citizen,No,White,9/18/2014,,N/A-StillEmployed,Active,Production       ,Janet King,2,Google Search,Fully Meets,4.52,4,0,1/15/2019,0,4
"Amy Dunne, Production Technician I",Amy Dunne,10211,1,1,0,1,5,3,0,62514,0,19,Production Technician I,MA,1749,9/23/1973,F,Married,US Citizen,No,White,4/26/2010,,N/A-StillEmployed,Active,Production       ,Ketsia Liebig,19,Google Search,Fully Meets,2.9,3,0,1/21/2019,0,6
"Marianne Eaton, Production Technician I",Marianne Eaton,10064,1,1,0,5,5,3,0,60070,1,19,Production Technician I,MA,2343,9/5/1991,F,Married,US Citizen,No,White,4/4/2011,6/6/2017,military,Voluntarily Terminated,Production       ,Kissy Sullivan,20,Google Search,Fully Meets,5,3,0,4/9/2017,0,7
"Jean Engdahl, Production Technician I",Jean Engdahl,10247,0,0,1,1,5,3,0,48888,0,19,Production Technician I,MA,2026,5/31/1974,M ,Single,US Citizen,No,White,11/10/2014,,N/A-StillEmployed,Active,Production       ,Kelley Spirea,18,LinkedIn,Fully Meets,4.7,5,0,2/13/2019,0,8
"Rex England, Production Technician I",Rex England,10235,1,1,1,1,5,3,0,54285,0,19,Production Technician I,MA,2045,8/25/1978,M ,Married,US Citizen,No,White,3/31/2014,,N/A-StillEmployed,Active,Production       ,Kelley Spirea,18,Employee Referral,Fully Meets,4.2,3,0,1/11/2019,0,3
"Angela Erilus, Production Technician II",Angela Erilus,10299,0,3,0,1,5,1,0,56847,0,20,Production Technician II,MA,2133,8/25/1989,F,Separated,US Citizen,No,White,7/7/2014,,N/A-StillEmployed,Active,Production       ,Michael Albert,22,Indeed,PIP,3,1,0,2/25/2019,2,5
"Miguel Estremera, Production Technician I",Miguel Estremera,10280,0,0,1,4,5,2,0,60340,1,19,Production Technician I,MA,2129,9/2/1983,M ,Single,US Citizen,No,White,4/2/2012,9/27/2018,attendance,Terminated for Cause,Production       ,Michael Albert,22,Google Search,Needs Improvement,5,4,0,4/12/2018,5,16
"April Evensen, Production Technician I",April Evensen,10296,0,0,0,4,5,2,0,59124,1,19,Production Technician I,MA,2458,5/6/1989,F,Single,US Citizen,No,White,2/17/2014,2/25/2018,"no-call, no-show",Terminated for Cause,Production       ,Elijiah Gray,16,Google Search,Needs Improvement,2.3,3,0,1/15/2017,5,19
"Susan Exantus, Software Engineer",Susan Exantus,10290,1,1,0,4,4,2,0,99280,1,24,Software Engineer,MA,1749,5/15/1987,F,Married,US Citizen,No,Black or African American,5/2/2011,6/5/2013,attendance,Terminated for Cause,Software Engineering,Alex Sweetwater,10,Indeed,Needs Improvement,2.1,5,4,8/10/2012,4,19
"Megan Faller, Production Technician II",Megan Faller,10263,1,1,0,1,5,3,0,71776,0,20,Production Technician II,MA,1824,9/22/1978,F,Married,US Citizen,No,Black or African American,7/7/2014,,N/A-StillEmployed,Active,Production       ,Elijiah Gray,16,LinkedIn,Fully Meets,4.4,5,0,2/22/2019,0,17
"Nicole Fancett, Production Technician II",Nicole Fancett,10136,0,0,0,1,5,3,0,65902,0,20,Production Technician II,MA,2324,9/27/1987,F,Single,US Citizen,No,Black or African American,2/17/2014,,N/A-StillEmployed,Active,Production       ,Webster Butler,,LinkedIn,Fully Meets,4,4,0,1/7/2019,0,7
"Susan Ferguson, Production Technician I",Susan Ferguson,10189,1,1,0,5,5,3,0,57748,1,19,Production Technician I,MA,2176,4/14/1955,F,Married,US Citizen,No,White,11/7/2011,5/17/2016,military,Voluntarily Terminated,Production       ,Webster Butler,39,Google Search,Fully Meets,3.13,3,0,2/4/2016,0,16
"Nilson Fernandes, Production Technician I",Nilson Fernandes,10308,1,1,1,1,5,1,0,64057,0,19,Production Technician I,MA,2132,10/18/1989,M ,Married,US Citizen,No,White,5/11/2015,,N/A-StillEmployed,Active,Production       ,Amy Dunn,11,Indeed,PIP,1.56,5,0,1/3/2019,6,15
"Boba Fett, Network Engineer",Boba Fett,10309,0,0,1,1,3,1,0,53366,0,15,Network Engineer,MA,2138,6/18/1987,M ,Single,US Citizen,No,White,3/30/2015,,N/A-StillEmployed,Active,IT/IS,Peter Monroe,7,LinkedIn,PIP,1.2,3,6,2/4/2019,3,2
"Libby Fidelia, Production Technician I",Libby Fidelia,10049,1,1,0,1,5,3,0,58530,0,19,Production Technician I,MA,2155,3/16/1981,F,Married,US Citizen,No,White,1/9/2012,,N/A-StillEmployed,Active,Production       ,Brannon Miller,12,Google Search,Fully Meets,5,5,0,1/29/2019,0,19
"J Fitzpatrick Michael, Production Technician II",J Fitzpatrick Michael,10093,0,0,1,5,5,3,0,72609,1,20,Production Technician II,MA,2143,10/1/1981,M ,Single,US Citizen,Yes,White,5/16/2011,6/24/2013,hours,Voluntarily Terminated,Production       ,Amy Dunn,11,Google Search,Fully Meets,4.76,5,0,4/5/2013,0,20
"Tanya Foreman, Production Technician II",Tanya Foreman,10163,1,1,0,5,5,3,0,55965,1,20,Production Technician II,MA,2170,11/8/1983,F,Married,US Citizen,No,White,4/4/2011,1/9/2013,career change,Voluntarily Terminated,Production       ,Ketsia Liebig,19,Google Search,Fully Meets,3.66,3,0,1/7/2012,0,6
"Alex Forrest, Area Sales Manager",Alex Forrest,10305,1,1,1,1,6,3,0,70187,1,3,Area Sales Manager,MA,2330,7/7/1975,M ,Married,US Citizen,No,White,9/29/2014,8/19/2018,Fatal attraction,Terminated for Cause,Sales,Lynn Daneault,21,Employee Referral,PIP,2,5,0,1/28/2019,4,7
"Jason Foss, IT Director",Jason Foss,10015,0,0,1,1,3,4,0,178000,0,12,IT Director,MA,1460,7/5/1980,M ,Single,US Citizen,No,Black or African American,4/15/2011,,N/A-StillEmployed,Active,IT/IS,Jennifer Zamora,5,Indeed,Exceeds,5,5,5,1/7/2019,0,15
"Baker Amy Foster-Baker, Sr. Accountant",Baker Amy Foster-Baker,10080,1,1,0,1,1,3,0,99351,0,26,Sr. Accountant,MA,2050,4/16/1979,F,Married,US Citizen,no,White,1/5/2009,,N/A-StillEmployed,Active,Admin Offices,Board of Directors,9,Other,Fully Meets,5,3,2,2/8/2019,0,3
"Maruk Fraval, Area Sales Manager",Maruk Fraval,10258,0,0,1,1,6,3,0,67251,0,3,Area Sales Manager,CT,6050,8/28/1963,M ,Single,US Citizen,No,Black or African American,9/6/2011,,N/A-StillEmployed,Active,Sales,Lynn Daneault,21,CareerBuilder,Fully Meets,4.3,3,0,1/27/2019,2,7
"Lisa Galia, IT Support",Lisa Galia,10273,0,0,0,1,3,3,0,65707,0,14,IT Support,CT,6040,7/6/1968,F,Single,US Citizen,No,White,5/1/2010,,N/A-StillEmployed,Active,IT/IS,Eric Dougall,6,LinkedIn,Fully Meets,4.7,4,5,2/1/2019,0,1
"Raul Garcia, Production Technician I",Raul Garcia,10111,0,0,1,1,5,3,0,52249,0,19,Production Technician I,MA,1905,9/15/1985,M ,Single,US Citizen,Yes,White,3/30/2015,,N/A-StillEmployed,Active,Production       ,David Stanley,14,Employee Referral,Fully Meets,4.5,3,0,2/18/2019,0,5
"Barbara Gaul, Production Technician I",Barbara Gaul,10257,0,0,0,1,5,3,0,53171,0,19,Production Technician I,MA,2121,12/2/1983,F,Single,US Citizen,Yes,Black or African American,5/16/2011,,N/A-StillEmployed,Active,Production       ,Kelley Spirea,18,LinkedIn,Fully Meets,4.2,4,0,2/26/2019,0,12
"Mildred Gentry, Production Technician I",Mildred Gentry,10159,1,1,0,1,5,3,0,51337,0,19,Production Technician I,MA,2145,10/1/1990,F,Married,US Citizen,No,Black or African American,3/30/2015,,N/A-StillEmployed,Active,Production       ,Michael Albert,22,LinkedIn,Fully Meets,3.73,3,0,1/16/2019,0,19
"Melisa Gerke, Production Technician I",Melisa Gerke,10122,0,2,0,5,5,3,1,51505,1,19,Production Technician I,MA,2330,5/15/1970,F,Divorced,US Citizen,No,Black or African American,11/7/2011,11/15/2016,hours,Voluntarily Terminated,Production       ,Elijiah Gray,16,Diversity Job Fair,Fully Meets,4.24,4,0,4/29/2016,0,2
"Whitney Gill, Area Sales Manager",Whitney Gill,10142,0,4,0,4,6,3,0,59370,1,3,Area Sales Manager,OH,43050,7/10/1971,F,Widowed,US Citizen,No,Black or African American,7/7/2014,9/5/2015,attendance,Terminated for Cause,Sales,John Smith,17,CareerBuilder,Fully Meets,3.97,4,0,1/15/2014,0,7
"Alex Gilles, Production Technician I",Alex Gilles,10283,1,1,1,5,5,2,1,54933,1,19,Production Technician I,MA,2062,8/9/1974,M ,Married,US Citizen,No,Black or African American,4/2/2012,6/25/2015,military,Voluntarily Terminated,Production       ,Webster Butler,39,Diversity Job Fair,Needs Improvement,3.97,4,0,1/20/2015,3,15
"Evelyn Girifalco, Production Technician I",Evelyn Girifalco,10018,0,0,0,1,5,4,0,57815,0,19,Production Technician I,MA,2451,5/8/1980,F,Single,US Citizen,Yes,Two or more races,9/29/2014,,N/A-StillEmployed,Active,Production       ,Amy Dunn,11,Indeed,Exceeds,3.9,4,0,2/7/2019,0,3
"Myriam Givens, Area Sales Manager",Myriam Givens,10255,0,0,0,1,6,3,0,61555,0,3,Area Sales Manager,IN,46204,9/22/1989,F,Single,US Citizen,No,White,2/16/2015,,N/A-StillEmployed,Active,Sales,Lynn Daneault,21,Indeed,Fully Meets,4.5,5,0,1/25/2019,0,20
"Taisha Goble, Database Administrator",Taisha Goble,10246,0,0,0,4,3,3,0,114800,1,8,Database Administrator,MA,2127,10/23/1971,F,Single,US Citizen,No,White,2/16/2015,3/15/2015,"no-call, no-show",Terminated for Cause,IT/IS,Simon Roup,4,Indeed,Fully Meets,4.6,4,4,1/20/2015,0,10
"Amon Goeth, IT Support",Amon Goeth,10228,1,1,1,1,3,3,0,74679,0,14,IT Support,MA,2135,11/24/1989,M ,Married,US Citizen,Yes,White,3/30/2015,,N/A-StillEmployed,Active,IT/IS,Peter Monroe,7,LinkedIn,Fully Meets,4.3,5,7,1/10/2019,0,20
"Shenice Gold, Production Technician I",Shenice Gold,10243,0,0,0,1,5,3,0,53018,0,19,Production Technician I,MA,2451,6/18/1992,F,Single,US Citizen,Yes,White,11/11/2013,,N/A-StillEmployed,Active,Production       ,Ketsia Liebig,19,Indeed,Fully Meets,4.3,5,0,2/18/2019,0,7
"Cayo Gonzalez, Production Technician I",Cayo Gonzalez,10031,0,2,1,1,5,4,1,59892,0,19,Production Technician I,MA,2108,9/29/1969,M ,Divorced,US Citizen,No,Black or African American,7/11/2011,,N/A-StillEmployed,Active,Production       ,Brannon Miller,12,Diversity Job Fair,Exceeds,4.5,4,0,2/18/2019,0,1
"Juan Gonzalez, Production Technician II",Juan Gonzalez,10300,1,1,1,5,5,1,1,68898,1,20,Production Technician II,MA,2128,10/12/1964,M ,Married,US Citizen,No,Black or African American,4/26/2010,5/30/2011,career change,Voluntarily Terminated,Production       ,Brannon Miller,12,Diversity Job Fair,PIP,3,3,0,3/6/2011,3,10
"Maria Gonzalez, IT Support",Maria Gonzalez,10101,0,3,0,1,3,3,0,61242,0,14,IT Support,MA,2472,4/16/1981,F,Separated,US Citizen,Yes,White,1/5/2015,,N/A-StillEmployed,Active,IT/IS,Peter Monroe,7,Employee Referral,Fully Meets,4.61,4,5,1/28/2019,0,11
"Susan Good, Production Technician II",Susan Good,10237,1,1,0,3,5,3,0,66825,0,20,Production Technician II,MA,1886,5/25/1986,F,Married,US Citizen,No,White,5/12/2014,,N/A-StillEmployed,Active,Production       ,David Stanley,14,LinkedIn,Fully Meets,4.6,3,0,2/7/2019,0,20
"David Gordon, Production Technician I",David Gordon,10051,1,1,1,1,5,3,0,48285,0,19,Production Technician I,MA,2169,5/21/1979,M ,Married,US Citizen,No,White,7/2/2012,,N/A-StillEmployed,Active,Production       ,David Stanley,14,LinkedIn,Fully Meets,5,3,0,1/14/2019,0,2
"Phylicia Gosciminski, Production Technician II",Phylicia Gosciminski,10218,0,3,0,3,5,3,0,66149,0,20,Production Technician II,MA,1824,12/8/1983,F,Separated,US Citizen,No,American Indian or Alaska Native,9/30/2013,,N/A-StillEmployed,Active,Production       ,Kissy Sullivan,20,Google Search,Fully Meets,4.4,5,0,2/21/2019,0,1
"Roxana Goyal, Production Technician I",Roxana Goyal,10256,1,1,0,3,5,3,0,49256,0,19,Production Technician I,MA,1864,10/9/1974,F,Married,US Citizen,No,Asian,8/19/2013,,N/A-StillEmployed,Active,Production       ,Kissy Sullivan,20,LinkedIn,Fully Meets,4.1,5,0,2/15/2019,0,3
"Elijiah Gray, Production Manager",Elijiah Gray,10098,0,2,1,1,5,3,0,62957,0,18,Production Manager,MA,1752,7/11/1981,M ,Divorced,US Citizen,No,White,6/2/2015,,N/A-StillEmployed,Active,Production       ,Janet King,2,Employee Referral,Fully Meets,4.63,3,0,1/4/2019,0,2
"Paula Gross, Production Technician I",Paula Gross,10059,0,2,0,5,5,3,0,63813,1,19,Production Technician I,MA,2176,5/21/1983,F,Divorced,US Citizen,No,White,2/21/2011,1/11/2014,more money,Voluntarily Terminated,Production       ,Kelley Spirea,18,CareerBuilder,Fully Meets,5,5,0,6/3/2013,0,17
"Hans Gruber, BI Developer",Hans Gruber,10234,1,1,1,1,3,3,0,99020,0,4,BI Developer,MA,2134,6/30/1989,M ,Married,US Citizen,No,Black or African American,4/20/2017,,N/A-StillEmployed,Active,IT/IS,Brian Champaigne,13,Indeed,Fully Meets,4.2,5,5,1/28/2019,0,8
"Mike Guilianno, Area Sales Manager",Mike Guilianno,10109,0,0,1,5,6,3,0,71707,1,3,Area Sales Manager,TN,37129,2/9/1969,M ,Single,US Citizen,No,Two or more races,3/7/2012,10/31/2014,relocation out of area,Voluntarily Terminated,Sales,John Smith,17,LinkedIn,Fully Meets,4.5,5,0,2/1/2013,0,20
"Joanne Handschiegl, Production Technician I",Joanne Handschiegl,10125,1,1,0,1,5,3,0,54828,0,19,Production Technician I,MA,2127,3/23/1977,F,Married,US Citizen,No,White,11/28/2011,,N/A-StillEmployed,Active,Production       ,Michael Albert,22,Google Search,Fully Meets,4.2,4,0,2/22/2019,0,13
"Earnest Hankard, Production Technician II",Earnest Hankard,10074,0,0,1,1,5,3,0,64246,0,20,Production Technician II,MA,2155,8/10/1988,M ,Single,US Citizen,Yes,White,11/11/2013,,N/A-StillEmployed,Active,Production       ,Kelley Spirea,18,LinkedIn,Fully Meets,5,3,0,1/8/2019,0,20
"Christie Harrington, Production Technician I",Christie Harrington,10097,0,0,0,5,5,3,0,52177,1,19,Production Technician I,MA,2324,8/18/1952,F,Single,US Citizen,No,White,1/9/2012,12/15/2015,retiring,Voluntarily Terminated,Production       ,Webster Butler,39,CareerBuilder,Fully Meets,4.64,4,0,5/2/2015,0,8
"Kara Harrison, Production Technician I",Kara Harrison,10007,1,1,0,1,5,4,0,62065,0,19,Production Technician I,MA,1886,5/2/1974,F,Married,US Citizen,No,White,5/12/2014,,N/A-StillEmployed,Active,Production       ,Amy Dunn,11,CareerBuilder,Exceeds,4.76,4,0,2/15/2019,0,5
"Anthony Heitzman, Production Technician I",Anthony Heitzman,10129,0,0,1,1,5,3,0,46998,0,19,Production Technician I,MA,2149,1/4/1984,M ,Single,US Citizen,No,White,8/13/2012,,N/A-StillEmployed,Active,Production       ,Ketsia Liebig,19,Google Search,Fully Meets,4.17,4,0,2/11/2019,0,1
"Trina Hendrickson, Production Technician II",Trina Hendrickson,10075,0,0,0,5,5,3,0,68099,1,20,Production Technician II,MA,2021,8/27/1972,F,Single,US Citizen,No,White,1/10/2011,6/18/2013,hours,Voluntarily Terminated,Production       ,Kelley Spirea,18,CareerBuilder,Fully Meets,5,3,0,1/30/2013,0,15
"Alfred Hitchcock, Area Sales Manager",Alfred Hitchcock,10167,1,1,1,1,6,3,0,70545,0,3,Area Sales Manager,NH,3062,9/14/1988,M ,Married,US Citizen,No,American Indian or Alaska Native,8/18/2014,,N/A-StillEmployed,Active,Sales,John Smith,17,Indeed,Fully Meets,3.6,5,0,1/30/2019,0,9
"J Homberger Adrienne, Production Technician II",J Homberger Adrienne,10195,1,1,0,5,5,3,0,63478,1,20,Production Technician II,MA,2445,2/16/1984,F,Married,Non-Citizen,No,White,8/15/2011,4/7/2012,relocation out of area,Voluntarily Terminated,Production       ,Michael Albert,30,Indeed,Fully Meets,3.03,5,0,3/5/2012,0,16
"Jayne Horton, Database Administrator",Jayne Horton,10112,0,0,0,1,3,3,0,97999,0,8,Database Administrator,MA,2493,2/21/1984,F,Single,US Citizen,No,White,3/30/2015,,N/A-StillEmployed,Active,IT/IS,Simon Roup,4,Indeed,Fully Meets,4.48,5,6,1/3/2019,0,4
"Debra Houlihan, Director of Sales",Debra Houlihan,10272,1,1,0,1,6,3,0,180000,0,11,Director of Sales,RI,2908,3/17/1966,F,Married,US Citizen,No,White,5/5/2014,,N/A-StillEmployed,Active,Sales,Janet King,2,LinkedIn,Fully Meets,4.5,4,0,1/21/2019,0,19
"Estelle Howard, Administrative Assistant",Estelle Howard,10182,1,1,0,1,1,3,0,49920,1,2,Administrative Assistant,MA,2170,9/16/1985,F,Married,US Citizen,No,Black or African American,2/16/2015,4/15/2015,"no-call, no-show",Terminated for Cause,Admin Offices,Brandon R. LeBlanc,1,Indeed,Fully Meets,3.24,3,4,4/15/2015,0,6
"Jane Hudson, Production Technician I",Jane Hudson,10248,0,0,0,1,5,3,0,55425,0,19,Production Technician I,MA,2176,6/10/1986,F,Single,US Citizen,No,White,2/20/2012,,N/A-StillEmployed,Active,Production       ,Ketsia Liebig,19,LinkedIn,Fully Meets,4.8,4,0,1/7/2019,0,4
"Julissa Hunts, Production Technician II",Julissa Hunts,10201,0,0,0,2,5,3,0,69340,0,20,Production Technician II,MA,2021,3/11/1984,F,Single,US Citizen,No,White,6/6/2016,,N/A-StillEmployed,Active,Production       ,Elijiah Gray,16,LinkedIn,Fully Meets,3,5,0,1/18/2019,0,4
"Rosalie Hutter, Production Technician II",Rosalie Hutter,10214,0,3,0,2,5,3,0,64995,0,20,Production Technician II,MA,2351,5/7/1992,F,Separated,US Citizen,No,White,6/5/2015,,N/A-StillEmployed,Active,Production       ,Webster Butler,,Indeed,Fully Meets,4.5,3,0,2/14/2019,0,6
"Ming Huynh, Production Technician II",Ming Huynh,10160,0,2,0,5,5,3,0,68182,1,20,Production Technician II,MA,1742,9/22/1976,F,Divorced,US Citizen,No,White,2/21/2011,4/1/2013,unhappy,Voluntarily Terminated,Production       ,Amy Dunn,11,Google Search,Fully Meets,3.72,3,0,2/1/2013,0,18
"Walter Immediato, Production Manager",Walter Immediato,10289,1,1,1,5,5,2,0,83082,1,18,Production Manager,MA,2128,11/15/1976,M ,Married,US Citizen,No,Asian,2/21/2011,9/24/2012,unhappy,Voluntarily Terminated,Production       ,Janet King,2,Indeed,Needs Improvement,2.34,2,0,4/12/2012,3,4
"Rose Ivey, Production Technician I",Rose Ivey,10139,0,0,0,1,5,3,0,51908,0,19,Production Technician I,MA,1775,1/28/1991,F,Single,US Citizen,No,White,8/19/2013,,N/A-StillEmployed,Active,Production       ,Brannon Miller,12,Indeed,Fully Meets,3.99,3,0,1/14/2019,0,14
"Maryellen Jackson, Production Technician I",Maryellen Jackson,10227,0,0,0,1,5,3,0,61242,0,19,Production Technician I,MA,2081,9/11/1972,F,Single,US Citizen,No,Black or African American,11/5/2012,,N/A-StillEmployed,Active,Production       ,David Stanley,14,LinkedIn,Fully Meets,4.1,3,0,1/17/2019,0,7
"Hannah Jacobi, Production Technician I",Hannah Jacobi,10236,0,2,0,1,5,3,0,45069,0,19,Production Technician I,MA,1778,3/22/1966,F,Divorced,US Citizen,No,White,9/30/2013,,N/A-StillEmployed,Active,Production       ,Kissy Sullivan,20,Employee Referral,Fully Meets,4.3,5,0,2/22/2019,0,7
"Tayana Jeannite, Production Technician II",Tayana Jeannite,10009,0,2,0,1,5,4,0,60724,0,20,Production Technician II,MA,1821,11/6/1986,F,Divorced,US Citizen,No,American Indian or Alaska Native,7/5/2011,,N/A-StillEmployed,Active,Production       ,Ketsia Liebig,19,LinkedIn,Exceeds,4.6,4,0,2/25/2019,0,11
"Sneha Jhaveri, Production Technician I",Sneha Jhaveri,10060,0,3,0,1,5,3,0,60436,0,19,Production Technician I,MA,2109,4/13/1964,F,Separated,US Citizen,No,White,1/6/2014,,N/A-StillEmployed,Active,Production       ,Kelley Spirea,18,LinkedIn,Fully Meets,5,5,0,1/21/2019,0,9
"George Johnson, Production Technician I",George Johnson,10034,1,1,1,5,5,4,0,46837,1,19,Production Technician I,MA,2445,8/19/1959,M ,Married,US Citizen,No,White,11/7/2011,4/29/2018,more money,Voluntarily Terminated,Production       ,Michael Albert,22,CareerBuilder,Exceeds,4.7,4,0,2/14/2018,0,9
"Noelle Johnson, Database Administrator",Noelle Johnson,10156,1,1,0,3,3,3,0,105700,0,8,Database Administrator,MA,2301,11/7/1986,F,Married,US Citizen,No,Asian,1/5/2015,,N/A-StillEmployed,Active,IT/IS,Simon Roup,4,Indeed,Fully Meets,3.75,3,5,2/11/2019,0,2
"Yen Johnston, Production Technician II",Yen Johnston,10036,0,0,0,1,5,4,0,63322,0,20,Production Technician II,MA,2128,9/8/1969,F,Single,US Citizen,No,White,7/7/2014,,N/A-StillEmployed,Active,Production       ,Brannon Miller,12,LinkedIn,Exceeds,4.3,3,0,1/11/2019,0,1
"Judy Jung, Production Technician I",Judy Jung,10138,1,1,0,5,5,3,0,61154,1,19,Production Technician I,MA,2446,4/17/1986,F,Married,US Citizen,No,Black or African American,1/10/2011,4/1/2016,unhappy,Voluntarily Terminated,Production       ,Elijiah Gray,16,CareerBuilder,Fully Meets,4,4,0,2/3/2016,0,4
"Donysha Kampew, Sales Manager",Donysha Kampew,10244,0,0,0,5,6,3,0,68999,1,21,Sales Manager,PA,19444,11/11/1989,F,Single,US Citizen,No,White,11/7/2011,4/24/2014,maternity leave - did not return,Voluntarily Terminated,Sales,Debra Houlihan,15,Google Search,Fully Meets,4.5,5,0,3/30/2013,0,2
"Kramer Keatts, Production Technician I",Kramer Keatts,10192,0,0,1,1,5,3,0,50482,0,19,Production Technician I,MA,1887,1/19/1976,M ,Single,US Citizen,No,White,9/30/2013,,N/A-StillEmployed,Active,Production       ,Michael Albert,22,Indeed,Fully Meets,3.07,4,0,1/23/2019,0,10
"Bartholemew Khemmich, Area Sales Manager",Bartholemew Khemmich,10231,0,0,1,1,6,3,0,65310,0,3,Area Sales Manager,CO,80820,11/27/1979,M ,Single,US Citizen,No,White,8/19/2013,,N/A-StillEmployed,Active,Sales,Lynn Daneault,21,Indeed,Fully Meets,4.3,5,0,1/22/2019,0,13
"Janet King, President & CEO",Janet King,10089,1,1,0,1,2,3,0,250000,0,16,President & CEO,MA,1902,9/21/1954,F,Married,US Citizen,Yes,White,7/2/2012,,N/A-StillEmployed,Active,Executive Office,Board of Directors,9,Indeed,Fully Meets,4.83,3,0,1/17/2019,0,10
"Kathleen Kinsella, Production Technician I",Kathleen Kinsella,10166,1,1,0,5,5,3,0,54005,1,19,Production Technician I,MA,2170,12/8/1973,F,Married,US Citizen,No,White,9/26/2011,6/4/2015,more money,Voluntarily Terminated,Production       ,Webster Butler,39,Google Search,Fully Meets,3.6,5,0,3/1/2015,0,16
"Alexandra Kirill, Production Technician I",Alexandra Kirill,10170,1,1,0,5,5,3,0,45433,1,19,Production Technician I,MA,2127,10/8/1970,F,Married,US Citizen,No,White,9/26/2011,1/9/2014,more money,Voluntarily Terminated,Production       ,Amy Dunn,11,Google Search,Fully Meets,3.49,4,0,1/30/2013,0,6
"Bradley J Knapp, Production Technician I",Bradley J Knapp,10208,0,0,1,1,5,3,0,46654,0,19,Production Technician I,MA,1721,11/10/1977,M ,Single,US Citizen,No,Black or African American,2/17/2014,,N/A-StillEmployed,Active,Production       ,Ketsia Liebig,19,LinkedIn,Fully Meets,3.1,3,0,2/6/2019,0,3
"John Kretschmer, Production Technician I",John Kretschmer,10176,1,1,1,1,5,3,0,63973,0,19,Production Technician I,MA,1801,2/2/1980,M ,Married,US Citizen,No,Asian,1/10/2011,,N/A-StillEmployed,Active,Production       ,Brannon Miller,12,Indeed,Fully Meets,3.38,3,0,1/21/2019,0,17
"Freddy Kreuger, Area Sales Manager",Freddy Kreuger,10165,0,0,1,1,6,3,1,71339,0,3,Area Sales Manager,NY,10171,2/24/1969,M ,Single,US Citizen,Yes,Black or African American,3/7/2011,,N/A-StillEmployed,Active,Sales,John Smith,17,Diversity Job Fair,Fully Meets,3.65,5,0,1/17/2019,0,20
"Jyoti Lajiri, Sr. Network Engineer",Jyoti Lajiri,10113,1,1,1,3,3,3,0,93206,0,28,Sr. Network Engineer,MA,2169,4/23/1986,M ,Married,US Citizen,No,White,11/10/2014,,N/A-StillEmployed,Active,IT/IS,Peter Monroe,7,Employee Referral,Fully Meets,4.46,5,6,1/7/2019,0,7
"Hans Landa, Production Manager",Hans Landa,10092,1,1,1,4,5,3,0,82758,1,18,Production Manager,MA,1890,7/1/1972,M ,Married,US Citizen,No,White,1/10/2011,12/12/2015,attendance,Terminated for Cause,Production       ,Janet King,2,Employee Referral,Fully Meets,4.78,4,0,2/15/2015,0,9
"Lindsey Langford, Production Technician II",Lindsey Langford,10106,0,2,0,5,5,3,0,66074,1,20,Production Technician II,MA,2090,7/25/1979,F,Divorced,US Citizen,No,Asian,1/7/2013,3/31/2014,Another position,Voluntarily Terminated,Production       ,David Stanley,14,Indeed,Fully Meets,4.52,3,0,2/20/2014,0,20
"Enrico Langton, Production Technician I",Enrico Langton,10052,1,1,1,1,5,3,0,46120,0,19,Production Technician I,MA,2048,12/9/1986,M ,Married,US Citizen,No,White,7/9/2012,,N/A-StillEmployed,Active,Production       ,David Stanley,14,LinkedIn,Fully Meets,5,5,0,2/4/2019,0,13
"William LaRotonda, Accountant I",William LaRotonda,10038,0,2,1,1,1,3,0,64520,0,1,Accountant I,MA,1460,4/26/1984,M ,Divorced,US Citizen,No,Black or African American,1/6/2014,,N/A-StillEmployed,Active,Admin Offices,Brandon R. LeBlanc,1,Website,Fully Meets,5,4,4,1/17/2019,0,3
"Mohammed Latif, Production Technician II",Mohammed Latif,10249,1,1,1,5,5,3,0,61962,1,20,Production Technician II,MA,2126,5/9/1984,M ,Married,US Citizen,No,White,4/2/2012,4/15/2013,more money,Voluntarily Terminated,Production       ,Kissy Sullivan,20,Google Search,Fully Meets,4.9,3,0,2/20/2013,0,20
"Binh Le, Senior BI Developer",Binh Le,10232,0,0,0,1,3,3,0,81584,0,22,Senior BI Developer,MA,1886,6/14/1987,F,Single,US Citizen,No,Asian,10/2/2016,,N/A-StillEmployed,Active,IT/IS,Brian Champaigne,13,Indeed,Fully Meets,4.1,5,7,1/8/2019,0,2
"Dallas Leach, Production Technician I",Dallas Leach,10087,0,0,0,5,5,3,0,63676,1,19,Production Technician I,MA,1810,1/17/1979,F,Single,US Citizen,No,Asian,9/26/2011,8/19/2018,return to school,Voluntarily Terminated,Production       ,Kissy Sullivan,20,CareerBuilder,Fully Meets,4.88,3,0,7/2/2017,0,17
"Brandon R LeBlanc, Shared Services Manager",Brandon R LeBlanc,10134,1,1,1,1,1,3,0,93046,0,23,Shared Services Manager,MA,1460,6/10/1984,M ,Married,US Citizen,No,White,1/5/2016,,N/A-StillEmployed,Active,Admin Offices,Janet King,2,CareerBuilder,Fully Meets,4.1,4,0,1/28/2019,0,20
"Hannibal Lecter, Production Technician I",Hannibal Lecter,10251,1,1,1,1,5,3,0,64738,0,19,Production Technician I,MA,1776,9/2/1982,M ,Married,US Citizen,No,Asian,5/14/2012,,N/A-StillEmployed,Active,Production       ,Elijiah Gray,16,Google Search,Fully Meets,4.1,3,0,2/22/2019,0,10
"Giovanni Leruth, Area Sales Manager",Giovanni Leruth,10103,0,3,1,1,6,3,0,70468,0,3,Area Sales Manager,UT,84111,12/27/1988,M ,Separated,US Citizen,No,Black or African American,4/30/2012,,N/A-StillEmployed,Active,Sales,John Smith,17,Website,Fully Meets,4.53,3,0,1/29/2019,0,16
"Ketsia Liebig, Production Manager",Ketsia Liebig,10017,1,1,0,1,5,4,0,77915,0,18,Production Manager,MA,2110,10/26/1981,F,Married,US Citizen,No,White,9/30/2013,,N/A-StillEmployed,Active,Production       ,Janet King,2,Website,Exceeds,4.1,3,0,1/21/2019,0,11
"Marilyn Linares, Production Technician I",Marilyn Linares,10186,1,1,0,5,5,3,0,52624,1,19,Production Technician I,MA,1886,3/26/1981,F,Married,US Citizen,No,White,7/5/2011,9/26/2018,unhappy,Voluntarily Terminated,Production       ,Michael Albert,22,Indeed,Fully Meets,3.18,4,0,3/2/2018,0,16
"Mathew Linden, Production Technician II",Mathew Linden,10137,1,1,1,3,5,3,0,63450,0,20,Production Technician II,MA,1770,3/19/1979,M ,Married,US Citizen,No,White,7/8/2013,,N/A-StillEmployed,Active,Production       ,Kelley Spirea,18,LinkedIn,Fully Meets,4,3,0,2/18/2019,0,7
"Leonara Lindsay, IT Support",Leonara Lindsay,10008,0,0,0,1,3,4,1,51777,0,14,IT Support,CT,6070,10/5/1988,F,Single,US Citizen,Yes,Black or African American,1/21/2011,,N/A-StillEmployed,Active,IT/IS,Eric Dougall,6,Diversity Job Fair,Exceeds,4.64,4,5,1/25/2019,0,14
"Susan Lundy, Production Technician II",Susan Lundy,10096,0,4,0,5,5,3,0,67237,1,20,Production Technician II,MA,2122,12/26/1976,F,Widowed,US Citizen,No,White,7/8/2013,9/15/2016,more money,Voluntarily Terminated,Production       ,Michael Albert,22,LinkedIn,Fully Meets,4.65,4,0,6/10/2016,0,15
"Lisa Lunquist, Production Technician II",Lisa Lunquist,10035,0,0,0,1,5,4,0,73330,0,20,Production Technician II,MA,2324,3/28/1982,F,Single,US Citizen,No,Black or African American,8/19/2013,,N/A-StillEmployed,Active,Production       ,Elijiah Gray,16,Indeed,Exceeds,4.2,4,0,2/12/2019,0,19
"Allison Lydon, Production Technician I",Allison Lydon,10057,1,1,0,3,5,3,0,52057,0,19,Production Technician I,MA,2122,10/22/1975,F,Married,US Citizen,No,Black or African American,2/16/2015,,N/A-StillEmployed,Active,Production       ,Elijiah Gray,16,Website,Fully Meets,5,3,0,1/23/2019,0,6
"Lindsay Lynch, Production Technician I",Lindsay Lynch,10004,0,0,0,5,5,4,1,47434,1,19,Production Technician I,MA,1844,2/14/1973,F,Single,US Citizen,Yes,Black or African American,11/7/2011,11/14/2015,Another position,Voluntarily Terminated,Production       ,Webster Butler,39,Diversity Job Fair,Exceeds,5,4,0,2/2/2015,0,17
"Samuel Mac MacLennan, Production Technician I",Samuel Mac MacLennan,10191,0,4,1,5,5,3,0,52788,1,19,Production Technician I,MA,1938,11/9/1972,M ,Widowed,US Citizen,No,White,9/24/2012,9/26/2017,hours,Voluntarily Terminated,Production       ,Amy Dunn,11,Indeed,Fully Meets,3.08,4,0,4/1/2017,0,18
"Lauren Mahoney, Production Technician I",Lauren Mahoney,10219,0,0,0,1,5,3,0,45395,0,19,Production Technician I,MA,2189,7/7/1986,F,Single,US Citizen,No,White,1/6/2014,,N/A-StillEmployed,Active,Production       ,Ketsia Liebig,19,LinkedIn,Fully Meets,4.6,4,0,2/26/2019,0,14
"Robyn Manchester, Production Technician II",Robyn Manchester,10077,1,1,0,2,5,3,0,62385,0,20,Production Technician II,MA,2324,8/25/1976,F,Married,US Citizen,No,White,5/11/2016,,N/A-StillEmployed,Active,Production       ,Webster Butler,,LinkedIn,Fully Meets,5,3,0,1/21/2019,0,4
"Karen Mancuso, Production Technician II",Karen Mancuso,10073,1,1,0,5,5,3,0,68407,1,20,Production Technician II,MA,2176,12/10/1986,F,Married,US Citizen,No,Two or more races,7/5/2011,8/19/2012,Another position,Voluntarily Terminated,Production       ,Amy Dunn,11,LinkedIn,Fully Meets,5,4,0,7/2/2012,0,16
"Debbie Mangal, Production Technician I",Debbie Mangal,10279,1,1,0,1,5,3,0,61349,0,19,Production Technician I,MA,2451,11/7/1974,F,Married,US Citizen,No,White,11/11/2013,,N/A-StillEmployed,Active,Production       ,Brannon Miller,12,LinkedIn,Fully Meets,4.1,3,0,1/22/2019,0,11
"Sandra Martin, Software Engineer",Sandra Martin,10110,0,0,0,1,4,3,0,105688,0,24,Software Engineer,MA,2135,11/7/1987,F,Single,US Citizen,No,Asian,11/11/2013,,N/A-StillEmployed,Active,Software Engineering,Alex Sweetwater,10,Google Search,Fully Meets,4.5,5,4,1/14/2019,0,14
"Shana Maurice, Production Technician I",Shana Maurice,10053,1,1,0,1,5,3,0,54132,0,19,Production Technician I,MA,2330,11/22/1977,F,Married,US Citizen,No,White,5/31/2011,,N/A-StillEmployed,Active,Production       ,David Stanley,14,Indeed,Fully Meets,5,4,0,1/10/2019,0,8
"B'rigit Carthy, Production Technician II",B'rigit Carthy,10076,0,0,0,1,5,3,0,55315,0,20,Production Technician II,MA,2149,5/21/1987,F,Single,US Citizen,No,Black or African American,3/30/2015,,N/A-StillEmployed,Active,Production       ,Ketsia Liebig,19,LinkedIn,Fully Meets,5,5,0,2/7/2019,0,16
"Sandy Mckenna, Production Technician I",Sandy Mckenna,10145,1,1,0,1,5,3,0,62810,0,19,Production Technician I,MA,2184,1/7/1987,F,Married,US Citizen,No,Black or African American,1/7/2013,,N/A-StillEmployed,Active,Production       ,Kissy Sullivan,20,CareerBuilder,Fully Meets,3.93,3,0,1/30/2019,0,20
"Jac McKinzie, Area Sales Manager",Jac McKinzie,10202,1,1,1,2,6,3,0,63291,0,3,Area Sales Manager,TX,78789,7/1/1984,M ,Married,US Citizen,No,Two or more races,7/6/2016,,N/A-StillEmployed,Active,Sales,Lynn Daneault,21,Website,Fully Meets,3.4,4,0,1/29/2019,0,7
"Elizabeth Meads, Production Technician I",Elizabeth Meads,10128,0,0,0,5,5,3,1,62659,1,19,Production Technician I,MA,1760,5/30/1968,F,Single,US Citizen,No,Black or African American,4/2/2012,11/11/2016,Another position,Voluntarily Terminated,Production       ,Kelley Spirea,18,Diversity Job Fair,Fully Meets,4.18,4,0,2/5/2016,0,17
"Jennifer Medeiros, Production Technician I",Jennifer Medeiros,10068,0,0,0,1,5,3,0,55688,0,19,Production Technician I,MA,2346,9/22/1976,F,Single,US Citizen,No,White,3/30/2015,,N/A-StillEmployed,Active,Production       ,Michael Albert,22,CareerBuilder,Fully Meets,5,4,0,1/21/2019,0,10
"Brannon Miller, Production Manager",Brannon Miller,10116,0,0,1,1,5,3,0,83667,0,18,Production Manager,MA,2045,8/10/1981,M ,Single,US Citizen,yes,Hispanic,8/16/2012,,N/A-StillEmployed,Active,Production       ,Janet King,2,Indeed,Fully Meets,4.37,3,0,1/14/2019,0,2
"Ned Miller, Production Technician II",Ned Miller,10298,0,0,1,5,5,1,0,55800,1,20,Production Technician II,MA,2472,6/29/1985,M ,Single,US Citizen,No,White,8/15/2011,9/4/2014,unhappy,Voluntarily Terminated,Production       ,Brannon Miller,12,LinkedIn,PIP,3,2,0,1/14/2013,6,6
"Erasumus Monkfish, Production Technician II",Erasumus Monkfish,10213,1,1,1,1,5,3,0,58207,0,20,Production Technician II,MA,1450,8/17/1992,M ,Married,US Citizen,No,White,11/7/2011,,N/A-StillEmployed,Active,Production       ,David Stanley,14,LinkedIn,Fully Meets,3.7,3,0,1/8/2019,0,14
"Peter Monroe, IT Manager - Infra",Peter Monroe,10288,1,1,1,1,3,2,1,157000,0,13,IT Manager - Infra,MA,2134,10/5/1986,M ,Married,Eligible NonCitizen,Yes,Black or African American,2/15/2012,,N/A-StillEmployed,Active,IT/IS,Jennifer Zamora,5,Diversity Job Fair,Needs Improvement,2.39,3,6,2/22/2019,4,13
"Luisa Monterro, Production Technician II",Luisa Monterro,10025,0,0,0,1,5,4,0,72460,0,20,Production Technician II,MA,2126,4/24/1970,F,Single,US Citizen,No,Black or African American,5/13/2013,,N/A-StillEmployed,Active,Production       ,Kissy Sullivan,20,Indeed,Exceeds,4.7,3,0,1/14/2019,0,1
"Patrick Moran, Production Technician II",Patrick Moran,10223,0,0,1,3,5,3,1,72106,0,20,Production Technician II,MA,2127,12/3/1976,M ,Single,US Citizen,No,Black or African American,1/9/2012,,N/A-StillEmployed,Active,Production       ,Kelley Spirea,18,Diversity Job Fair,Fully Meets,4.1,4,0,1/31/2019,0,12
"Tanya Morway, Network Engineer",Tanya Morway,10151,1,1,0,1,3,3,0,52599,0,15,Network Engineer,MA,2048,4/4/1979,F,Married,US Citizen,No,White,2/16/2015,,N/A-StillEmployed,Active,IT/IS,Peter Monroe,7,CareerBuilder,Fully Meets,3.81,3,6,2/11/2019,0,6
"Dawn Motlagh, Production Technician I",Dawn Motlagh,10254,0,2,0,1,5,3,0,63430,0,19,Production Technician I,MA,2453,7/7/1984,F,Divorced,US Citizen,No,White,4/1/2013,,N/A-StillEmployed,Active,Production       ,Elijiah Gray,16,LinkedIn,Fully Meets,4.4,4,0,1/17/2019,0,18
"Maliki Moumanil, Production Technician II",Maliki Moumanil,10120,0,3,1,1,5,3,0,74417,0,20,Production Technician II,MA,1460,12/1/1974,M ,Separated,US Citizen,No,Black or African American,5/13/2013,,N/A-StillEmployed,Active,Production       ,Michael Albert,22,LinkedIn,Fully Meets,4.29,5,0,1/28/2019,0,11
"Michael Myers, Production Technician I",Michael Myers,10216,0,0,1,1,5,3,0,57575,0,19,Production Technician I,MA,1550,4/18/1980,M ,Single,US Citizen,No,Asian,7/8/2013,,N/A-StillEmployed,Active,Production       ,Kissy Sullivan,20,LinkedIn,Fully Meets,4.1,4,0,1/22/2019,0,13
"Kurt Navathe, Senior BI Developer",Kurt Navathe,10079,0,0,1,1,3,3,0,87921,0,22,Senior BI Developer,MA,2056,4/25/1970,M ,Single,US Citizen,No,Asian,2/10/2017,,N/A-StillEmployed,Active,IT/IS,Brian Champaigne,13,Indeed,Fully Meets,5,3,6,2/25/2019,0,17
"Colombui Ndzi, Production Technician I",Colombui Ndzi,10215,0,0,1,5,5,3,1,50470,1,19,Production Technician I,MA,2110,5/2/1989,M ,Single,US Citizen,No,Black or African American,9/26/2011,4/4/2014,return to school,Voluntarily Terminated,Production       ,Webster Butler,39,Diversity Job Fair,Fully Meets,4.3,3,0,3/2/2013,0,19
"Horia Ndzi, Production Technician I",Horia Ndzi,10185,1,1,1,5,5,3,0,46664,1,19,Production Technician I,MA,2421,3/28/1983,M ,Married,US Citizen,No,White,4/1/2013,5/25/2016,more money,Voluntarily Terminated,Production       ,Amy Dunn,11,Employee Referral,Fully Meets,3.18,3,0,3/6/2016,0,10
"Richard Newman, Production Technician I",Richard Newman,10063,1,1,1,3,5,3,0,48495,0,19,Production Technician I,MA,2136,4/8/1977,M ,Married,US Citizen,No,White,5/12/2014,,N/A-StillEmployed,Active,Production       ,Ketsia Liebig,19,LinkedIn,Fully Meets,5,5,0,2/18/2019,0,11
"Shari Ngodup, Production Technician I",Shari Ngodup,10037,0,3,0,1,5,4,1,52984,0,19,Production Technician I,MA,1810,6/3/1967,F,Separated,US Citizen,No,Black or African American,4/1/2013,,N/A-StillEmployed,Active,Production       ,Brannon Miller,12,Diversity Job Fair,Exceeds,4,3,0,2/13/2019,0,12
"Dheepa Nguyen, Area Sales Manager",Dheepa Nguyen,10042,0,0,0,1,6,3,0,63695,0,3,Area Sales Manager,GA,30428,3/31/1989,F,Single,US Citizen,No,Two or more races,7/8/2013,,N/A-StillEmployed,Active,Sales,Lynn Daneault,21,Indeed,Fully Meets,5,5,0,1/25/2019,0,2
"Lei Ming Nguyen, Production Technician I",Lei Ming Nguyen,10206,0,0,0,1,5,3,0,62061,0,19,Production Technician I,MA,2132,7/7/1984,F,Single,US Citizen,No,White,7/8/2013,,N/A-StillEmployed,Active,Production       ,David Stanley,14,LinkedIn,Fully Meets,3.6,5,0,1/2/2019,0,4
"Kristie Nowlan, Production Technician II",Kristie Nowlan,10104,0,0,0,1,5,3,0,66738,0,20,Production Technician II,MA,1040,11/23/1985,F,Single,US Citizen,No,White,11/10/2014,,N/A-StillEmployed,Active,Production       ,Elijiah Gray,16,Indeed,Fully Meets,4.53,5,0,1/16/2019,0,5
"Lynn O'hare, Production Technician I",Lynn O'hare,10303,0,0,0,4,5,1,0,52674,1,19,Production Technician I,MA,2152,9/30/1980,F,Single,US Citizen,No,Two or more races,3/31/2014,5/1/2018,performance,Terminated for Cause,Production       ,Kissy Sullivan,20,LinkedIn,PIP,2.33,2,0,3/9/2018,6,3
"Brooke Oliver, Production Technician II",Brooke Oliver,10078,1,1,0,5,5,3,0,71966,1,20,Production Technician II,MA,2492,2/11/1952,F,Married,US Citizen,No,Asian,5/14/2012,8/19/2013,unhappy,Voluntarily Terminated,Production       ,Webster Butler,39,LinkedIn,Fully Meets,5,3,0,7/2/2013,0,17
"Jasmine Onque, Area Sales Manager",Jasmine Onque,10121,0,0,0,1,6,3,0,63051,0,3,Area Sales Manager,FL,33174,5/11/1990,F,Single,US Citizen,Yes,White,9/30/2013,,N/A-StillEmployed,Active,Sales,Lynn Daneault,21,Indeed,Fully Meets,4.28,3,0,1/25/2019,0,1
"Adeel Osturnka, Production Technician I",Adeel Osturnka,10021,1,1,1,1,5,4,0,47414,0,19,Production Technician I,MA,2478,12/11/1976,M ,Married,US Citizen,No,White,9/30/2013,,N/A-StillEmployed,Active,Production       ,Kelley Spirea,18,LinkedIn,Exceeds,5,3,0,2/7/2019,0,13
"Clinton Owad, Production Technician I",Clinton Owad,10281,0,0,1,1,5,2,0,53060,0,19,Production Technician I,MA,1760,11/24/1979,M ,Single,US Citizen,No,Black or African American,2/17/2014,,N/A-StillEmployed,Active,Production       ,Michael Albert,22,LinkedIn,Needs Improvement,4.25,3,0,2/4/2019,4,6
"Travis Ozark, Area Sales Manager",Travis Ozark,10041,0,0,1,1,6,3,0,68829,0,3,Area Sales Manager,NC,27229,5/19/1982,M ,Single,US Citizen,No,White,1/5/2015,,N/A-StillEmployed,Active,Sales,John Smith,17,Website,Fully Meets,5,5,0,1/14/2019,0,18
"Nina Panjwani, Production Technician I",Nina Panjwani,10148,1,1,0,5,5,3,0,63515,1,19,Production Technician I,MA,2351,5/1/1979,F,Married,US Citizen,No,White,2/7/2011,1/12/2014,Another position,Voluntarily Terminated,Production       ,Elijiah Gray,16,Google Search,Fully Meets,3.89,4,0,3/4/2013,0,7
"Lucas Patronick, Software Engineer",Lucas Patronick,10005,0,0,1,5,4,4,1,108987,1,24,Software Engineer,MA,1844,2/20/1979,M ,Single,US Citizen,No,Black or African American,11/7/2011,9/7/2015,Another position,Voluntarily Terminated,Software Engineering,Alex Sweetwater,10,Diversity Job Fair,Exceeds,5,5,3,8/16/2015,0,13
"Randall Pearson, Data Analyst",Randall Pearson,10259,1,1,1,5,3,3,0,93093,1,9,Data Analyst,MA,2747,9/5/1984,M ,Married,US Citizen,No,White,12/1/2014,5/1/2016,performance,Voluntarily Terminated,IT/IS,Simon Roup,4,Employee Referral,Fully Meets,4.7,4,5,1/16/2016,0,19
"Martin Smith, Production Technician I",Martin Smith,10286,0,0,1,5,5,2,0,53564,1,19,Production Technician I,MA,2458,3/17/1988,M ,Single,US Citizen,No,Black or African American,1/10/2011,12/28/2017,career change,Voluntarily Terminated,Production       ,Webster Butler,39,Google Search,Needs Improvement,3.54,5,0,4/6/2017,4,15
"Ermine Pelletier, Production Technician II",Ermine Pelletier,10297,1,1,0,5,5,2,0,60270,1,20,Production Technician II,MA,2472,7/18/1989,F,Married,US Citizen,No,Asian,7/5/2011,9/15/2015,unhappy,Voluntarily Terminated,Production       ,Amy Dunn,11,CareerBuilder,Needs Improvement,2.4,5,0,2/6/2015,5,2
"Shakira Perry, Production Technician I",Shakira Perry,10171,0,0,0,5,5,3,0,45998,1,19,Production Technician I,MA,2176,7/20/1986,F,Single,US Citizen,No,White,5/16/2011,10/25/2015,medical issues,Voluntarily Terminated,Production       ,Amy Dunn,11,LinkedIn,Fully Meets,3.45,4,0,5/13/2014,0,5
"Lauren Peters, Production Technician II",Lauren Peters,10032,1,1,0,5,5,4,0,57954,1,20,Production Technician II,MA,1886,8/17/1986,F,Married,US Citizen,No,White,5/16/2011,2/4/2013,more money,Voluntarily Terminated,Production       ,Ketsia Liebig,19,Indeed,Exceeds,4.2,5,0,1/10/2013,0,12
"Ebonee Peterson, Production Manager",Ebonee Peterson,10130,1,1,0,5,5,3,0,74669,1,18,Production Manager,MA,2030,5/9/1977,F,Married,US Citizen,No,White,10/25/2010,5/18/2016,Another position,Voluntarily Terminated,Production       ,Janet King,2,Indeed,Fully Meets,4.16,5,0,3/5/2015,0,6
"Shana Petingill, Production Technician II",Shana Petingill,10217,1,1,0,1,5,3,0,74226,0,20,Production Technician II,MA,2050,3/10/1979,F,Married,Eligible NonCitizen,No,Asian,4/2/2012,,N/A-StillEmployed,Active,Production       ,Brannon Miller,12,LinkedIn,Fully Meets,4.3,3,0,1/14/2019,0,14
"Thelma Petrowsky, Data Analyst",Thelma Petrowsky,10016,1,1,0,1,3,4,0,93554,0,9,Data Analyst,MA,1886,9/16/1984,F,Married,US Citizen,No,Black or African American,11/10/2014,,N/A-StillEmployed,Active,IT/IS,Simon Roup,4,Employee Referral,Exceeds,4.6,5,7,1/4/2019,0,16
"Hong Pham, Production Technician I",Hong Pham,10050,1,1,1,5,5,3,0,64724,1,19,Production Technician I,MA,2451,3/6/1988,M ,Married,US Citizen,No,Asian,7/5/2011,11/30/2012,more money,Voluntarily Terminated,Production       ,Brannon Miller,12,Google Search,Fully Meets,5,3,0,2/20/2012,0,13
"Brad Pitt, Production Technician I",Brad Pitt,10164,0,0,1,1,5,3,0,47001,0,19,Production Technician I,MA,2451,11/23/1981,M ,Single,US Citizen,No,White,11/5/2007,,N/A-StillEmployed,Active,Production       ,David Stanley,14,Google Search,Fully Meets,3.66,3,0,2/25/2019,0,15
"Xana Potts, Area Sales Manager",Xana Potts,10124,1,1,0,1,6,3,0,61844,0,3,Area Sales Manager,KY,40220,8/29/1988,F,Married,US Citizen,No,Black or African American,1/9/2012,,N/A-StillEmployed,Active,Sales,Lynn Daneault,21,Website,Fully Meets,4.2,5,0,2/1/2019,0,9
"Morissa Power, Production Technician I",Morissa Power,10187,0,2,0,5,5,3,0,46799,1,19,Production Technician I,MA,1742,10/15/1984,F,Divorced,Eligible NonCitizen,No,Asian,5/16/2011,6/4/2018,Another position,Voluntarily Terminated,Production       ,Kissy Sullivan,20,Google Search,Fully Meets,3.17,4,0,4/2/2018,0,14
"Louis Punjabhi, Production Technician I",Louis Punjabhi,10225,0,0,1,1,5,3,0,59472,0,19,Production Technician I,MA,2109,6/19/1961,M ,Single,US Citizen,No,White,1/6/2014,,N/A-StillEmployed,Active,Production       ,Kelley Spirea,18,Employee Referral,Fully Meets,4.8,3,0,1/7/2019,0,14
"Janine Purinton, Production Technician I",Janine Purinton,10262,0,2,0,5,5,3,0,46430,1,19,Production Technician I,MA,2474,9/22/1970,F,Divorced,US Citizen,No,White,9/24/2012,6/18/2013,unhappy,Voluntarily Terminated,Production       ,Kissy Sullivan,20,Indeed,Fully Meets,4.5,5,0,4/2/2013,0,16
"Sean Quinn, Software Engineer",Sean Quinn,10131,1,1,1,5,1,3,1,83363,1,23,Software Engineer,MA,2045,11/6/1984,M ,Married,Eligible NonCitizen,No,Black or African American,2/21/2011,8/15/2015,career change,Voluntarily Terminated,Software Engineering,Janet King,2,Diversity Job Fair,Fully Meets,4.15,4,0,4/19/2014,0,4
"Maggie Rachael, BI Developer",Maggie Rachael,10239,1,1,0,1,3,3,0,95920,0,4,BI Developer,MA,2110,5/12/1980,F,Married,US Citizen,No,Black or African American,10/2/2016,,N/A-StillEmployed,Active,IT/IS,Brian Champaigne,13,Indeed,Fully Meets,4.4,4,6,2/6/2019,0,10
"Quinn Rarrick, Production Technician I",Quinn Rarrick,10152,0,2,1,5,5,3,0,61729,1,19,Production Technician I,MA,2478,12/31/1984,M ,Divorced,US Citizen,No,White,9/26/2011,4/7/2018,more money,Voluntarily Terminated,Production       ,Michael Albert,22,Indeed,Fully Meets,3.8,5,0,2/4/2018,0,19
"Kylo Ren, Area Sales Manager",Kylo Ren,10140,1,1,1,1,6,3,0,61809,0,3,Area Sales Manager,ID,83706,10/12/1954,M ,Married,US Citizen,No,White,5/12/2014,,N/A-StillEmployed,Active,Sales,John Smith,17,CareerBuilder,Fully Meets,3.98,3,0,1/28/2019,0,4
"Thomas Rhoads, Production Technician I",Thomas Rhoads,10058,0,2,1,5,5,3,0,45115,1,19,Production Technician I,MA,2176,7/22/1982,M ,Divorced,US Citizen,Yes,White,5/16/2011,1/15/2016,retiring,Voluntarily Terminated,Production       ,Elijiah Gray,16,LinkedIn,Fully Meets,5,4,0,3/30/2015,0,11
"Haley Rivera, Production Technician I",Haley Rivera,10011,1,1,0,1,5,4,0,46738,0,19,Production Technician I,MA,2171,1/12/1973,F,Married,US Citizen,No,Asian,11/28/2011,,N/A-StillEmployed,Active,Production       ,Webster Butler,,Google Search,Exceeds,4.36,5,0,2/11/2019,0,16
"May Roberson, Production Technician II",May Roberson,10230,0,2,0,5,5,3,0,64971,1,20,Production Technician II,MA,1902,9/5/1981,F,Divorced,Eligible NonCitizen,No,Black or African American,9/26/2011,10/22/2011,return to school,Voluntarily Terminated,Production       ,David Stanley,14,Google Search,Fully Meets,4.5,4,0,10/22/2011,0,10
"Peter Robertson, Production Technician II",Peter Robertson,10224,1,1,1,5,5,3,0,55578,1,20,Production Technician II,MA,2138,7/3/1972,M ,Married,US Citizen,No,White,7/5/2011,2/8/2012,Another position,Voluntarily Terminated,Production       ,Kissy Sullivan,20,Indeed,Fully Meets,4.2,5,0,1/6/2012,0,13
"Alain Robinson, Production Technician I",Alain Robinson,10047,1,1,1,5,5,3,0,50428,1,19,Production Technician I,MA,1420,1/7/1974,M ,Married,US Citizen,No,Black or African American,1/10/2011,1/26/2016,attendance,Voluntarily Terminated,Production       ,Amy Dunn,11,Indeed,Fully Meets,5,3,0,1/10/2015,0,11
"Cherly Robinson, Production Technician I",Cherly Robinson,10285,1,1,0,4,5,2,0,61422,1,19,Production Technician I,MA,1460,1/7/1985,F,Married,US Citizen,No,White,1/10/2011,5/17/2016,attendance,Terminated for Cause,Production       ,Ketsia Liebig,19,Indeed,Needs Improvement,3.6,3,0,4/5/2016,4,16
"Elias Robinson, Production Technician I",Elias Robinson,10020,0,4,1,1,5,4,0,63353,0,19,Production Technician I,MA,1730,1/28/1985,M ,Widowed,US Citizen,No,White,7/8/2013,,N/A-StillEmployed,Active,Production       ,Brannon Miller,12,Employee Referral,Exceeds,3.6,5,0,2/11/2019,0,4
"Lori Roby, Data Analyst",Lori Roby,10162,1,1,0,1,3,3,0,89883,0,9,Data Analyst,MA,1886,10/11/1981,F,Married,US Citizen,No,White,2/16/2015,,N/A-StillEmployed,Active,IT/IS,Simon Roup,4,Employee Referral,Fully Meets,3.69,5,6,2/14/2019,0,15
"Bianca Roehrich, Principal Data Architect",Bianca Roehrich,10149,0,0,0,5,3,3,0,120000,1,29,Principal Data Architect,MA,2703,5/27/1973,F,Single,US Citizen,Yes,White,1/5/2015,11/10/2018,Another position,Voluntarily Terminated,IT/IS,Simon Roup,4,LinkedIn,Fully Meets,3.88,3,7,2/13/2018,0,12
"Katie Roper, Data Architect",Katie Roper,10086,0,0,0,1,3,3,0,150290,0,7,Data Architect,MA,2056,11/21/1972,F,Single,US Citizen,No,Black or African American,1/7/2017,,N/A-StillEmployed,Active,IT/IS,Brian Champaigne,13,Indeed,Fully Meets,4.94,3,5,2/6/2019,0,17
"Ashley Rose, Production Technician I",Ashley Rose,10054,0,3,0,1,5,3,0,60627,0,19,Production Technician I,MA,1886,12/5/1974,F,Separated,US Citizen,No,White,1/6/2014,,N/A-StillEmployed,Active,Production       ,David Stanley,14,Website,Fully Meets,5,4,0,1/31/2019,0,8
"Bruno Rossetti, Production Technician I",Bruno Rossetti,10065,0,0,1,5,5,3,0,53180,1,19,Production Technician I,MA,2155,3/18/1987,M ,Single,US Citizen,No,White,4/4/2011,8/13/2018,Another position,Voluntarily Terminated,Production       ,Kissy Sullivan,20,Google Search,Fully Meets,5,5,0,7/2/2018,0,4
"Simon Roup, IT Manager - DB",Simon Roup,10198,0,0,1,1,3,3,0,140920,0,13,IT Manager - DB,MA,2481,4/5/1973,M ,Single,US Citizen,No,White,1/20/2013,,N/A-StillEmployed,Active,IT/IS,Jennifer Zamora,5,Indeed,Fully Meets,3.6,5,7,2/18/2019,0,13
"Ricardo Ruiz, IT Manager - DB",Ricardo Ruiz,10222,0,2,1,5,3,3,1,148999,1,13,IT Manager - DB,MA,1915,1/4/1964,M ,Divorced,US Citizen,No,Black or African American,1/9/2012,11/4/2015,hours,Voluntarily Terminated,IT/IS,Jennifer Zamora,5,Diversity Job Fair,Fully Meets,4.3,4,6,1/4/2015,0,8
"Adell Saada, Software Engineer",Adell Saada,10126,1,1,0,1,4,3,0,86214,0,24,Software Engineer,MA,2132,7/24/1986,F,Married,US Citizen,No,White,11/5/2012,,N/A-StillEmployed,Active,Software Engineering,Alex Sweetwater,10,Indeed,Fully Meets,4.2,3,6,2/13/2019,0,2
"Beckles Melinda Saar-Beckles, Production Technician I",Beckles Melinda Saar-Beckles,10295,0,0,0,2,5,2,1,47750,0,19,Production Technician I,MA,1801,6/6/1968,F,Single,US Citizen,No,Black or African American,7/4/2016,,N/A-StillEmployed,Active,Production       ,Kelley Spirea,18,Diversity Job Fair,Needs Improvement,2.6,4,0,2/18/2019,5,4
"Nore Sadki, Production Technician I",Nore Sadki,10260,0,0,1,5,5,3,0,46428,1,19,Production Technician I,MA,2148,12/21/1974,M ,Single,US Citizen,No,White,1/5/2009,7/30/2018,relocation out of area,Voluntarily Terminated,Production       ,Michael Albert,22,Google Search,Fully Meets,4.6,5,0,2/5/2018,0,7
"Adil Sahoo, Production Technician II",Adil Sahoo,10233,1,1,1,1,5,3,0,57975,0,20,Production Technician II,MA,2062,4/26/1986,M ,Married,US Citizen,No,White,8/30/2010,,N/A-StillEmployed,Active,Production       ,Kelley Spirea,18,CareerBuilder,Fully Meets,4.1,3,0,1/10/2019,0,13
"Jason Salter, Data Analyst ",Jason Salter,10229,0,2,1,5,3,3,0,88527,1,9,Data Analyst ,MA,2452,12/17/1987,M ,Divorced,US Citizen,No,Black or African American,1/5/2015,10/31/2015,hours,Voluntarily Terminated,IT/IS,Simon Roup,4,LinkedIn,Fully Meets,4.2,3,5,4/20/2015,0,2
"Kamrin Sander, Production Technician I",Kamrin Sander,10169,1,1,0,1,5,3,0,56147,0,19,Production Technician I,MA,2154,7/10/1988,F,Married,US Citizen,No,Black or African American,9/29/2014,,N/A-StillEmployed,Active,Production       ,Elijiah Gray,16,LinkedIn,Fully Meets,3.51,3,0,2/18/2019,0,2
"Nori Sewkumar, Production Technician I",Nori Sewkumar,10071,0,0,0,3,5,3,0,50923,0,19,Production Technician I,MA,2191,3/10/1975,F,Single,US Citizen,No,Asian,9/30/2013,,N/A-StillEmployed,Active,Production       ,Webster Butler,,Google Search,Fully Meets,5,5,0,2/6/2019,0,14
"Anita Shepard, Network Engineer",Anita Shepard,10179,1,1,0,1,3,3,0,50750,0,15,Network Engineer,MA,1773,4/14/1981,F,Married,US Citizen,No,White,9/30/2014,,N/A-StillEmployed,Active,IT/IS,Peter Monroe,7,LinkedIn,Fully Meets,3.31,3,6,1/7/2019,0,7
"Seffi Shields, Production Technician I",Seffi Shields,10091,1,1,0,1,5,3,0,52087,0,19,Production Technician I,MA,2149,8/24/1985,F,Married,US Citizen,No,White,8/19/2013,,N/A-StillEmployed,Active,Production       ,Amy Dunn,11,LinkedIn,Fully Meets,4.81,4,0,2/15/2019,0,15
"Kramer Simard, Data Analyst",Kramer Simard,10178,1,1,1,1,3,3,0,87826,0,9,Data Analyst,MA,2110,2/8/1970,M ,Married,US Citizen,Yes,White,1/5/2015,,N/A-StillEmployed,Active,IT/IS,Simon Roup,4,Employee Referral,Fully Meets,3.32,3,7,1/14/2019,0,16
"Nan Singh, Administrative Assistant",Nan Singh,10039,0,0,0,1,1,3,0,51920,0,2,Administrative Assistant,MA,2330,5/19/1988,F,Single,US Citizen,No,White,5/1/2015,,N/A-StillEmployed,Active,Admin Offices,Brandon R. LeBlanc,1,Website,Fully Meets,5,3,5,1/15/2019,0,2
"Constance Sloan, Production Technician II",Constance Sloan,10095,0,0,0,5,5,3,0,63878,1,20,Production Technician II,MA,1851,11/25/1987,F,Single,US Citizen,No,White,10/26/2009,4/8/2015,maternity leave - did not return,Voluntarily Terminated,Production       ,Michael Albert,22,CareerBuilder,Fully Meets,4.68,4,0,4/2/2015,0,20
"Joe Smith, Production Technician II",Joe Smith,10027,0,0,1,1,5,4,0,60656,0,20,Production Technician II,MA,2045,10/30/1963,M ,Single,US Citizen,No,White,9/29/2014,,N/A-StillEmployed,Active,Production       ,Elijiah Gray,16,Indeed,Exceeds,4.3,3,0,1/28/2019,0,4
"John Smith, Sales Manager",John Smith,10291,0,2,1,1,6,2,1,72992,0,21,Sales Manager,MA,1886,8/16/1984,M ,Divorced,US Citizen,No,Black or African American,5/18/2014,,N/A-StillEmployed,Active,Sales,Debra Houlihan,15,Diversity Job Fair,Needs Improvement,2.4,4,0,1/16/2019,2,16
"Ann Smith Leigh, Administrative Assistant",Ann Smith Leigh,10153,1,1,0,5,1,3,1,55000,1,2,Administrative Assistant,MA,1844,6/14/1987,F,Married,US Citizen,No,Black or African American,9/26/2011,9/25/2013,career change,Voluntarily Terminated,Admin Offices,Brandon R. LeBlanc,1,Diversity Job Fair,Fully Meets,3.8,4,4,8/15/2013,0,17
"Sade Smith, Production Technician I",Sade Smith,10157,0,0,0,1,5,3,0,58939,0,19,Production Technician I,MA,2130,2/2/1965,F,Single,US Citizen,No,White,11/11/2013,,N/A-StillEmployed,Active,Production       ,Ketsia Liebig,19,Employee Referral,Fully Meets,3.73,3,0,1/24/2019,0,16
"Julia Soto, IT Support",Julia Soto,10119,1,1,0,1,3,3,0,66593,0,14,IT Support,MA,2360,3/12/1973,F,Married,US Citizen,No,Black or African American,6/10/2011,,N/A-StillEmployed,Active,IT/IS,Eric Dougall,6,LinkedIn,Fully Meets,4.3,3,5,2/8/2019,0,19
"Keyser Soze, Sr. Network Engineer",Keyser Soze,10180,1,1,1,2,3,3,0,87565,0,28,Sr. Network Engineer,MA,1545,2/9/1983,M ,Married,US Citizen,No,Asian,6/30/2016,,N/A-StillEmployed,Active,IT/IS,Peter Monroe,7,LinkedIn,Fully Meets,3.27,4,5,1/14/2019,0,13
"Taylor Sparks, Production Technician I",Taylor Sparks,10302,1,1,0,1,5,1,0,64021,0,19,Production Technician I,MA,2093,7/20/1968,F,Married,US Citizen,No,White,2/20/2012,,N/A-StillEmployed,Active,Production       ,Brannon Miller,12,Indeed,PIP,2.4,2,1,2/25/2019,6,20
"Kelley Spirea, Production Manager",Kelley Spirea,10090,1,1,0,1,5,3,0,65714,0,18,Production Manager,MA,2451,9/30/1975,F,Married,US Citizen,No,White,10/2/2012,,N/A-StillEmployed,Active,Production       ,Janet King,2,LinkedIn,Fully Meets,4.83,5,0,2/14/2019,0,15
"Kristen Squatrito, Production Technician I",Kristen Squatrito,10030,0,2,0,5,5,4,0,62425,1,19,Production Technician I,MA,2359,3/26/1973,F,Divorced,US Citizen,No,White,5/13/2013,6/29/2015,unhappy,Voluntarily Terminated,Production       ,David Stanley,14,LinkedIn,Exceeds,4.1,4,0,3/2/2015,0,16
"Barbara M Stanford, Production Technician I",Barbara M Stanford,10278,0,2,0,1,5,3,0,47961,0,19,Production Technician I,MA,2050,8/25/1982,F,Divorced,US Citizen,No,Two or more races,1/10/2011,,N/A-StillEmployed,Active,Production       ,Kissy Sullivan,20,Google Search,Fully Meets,4.1,4,0,2/7/2019,0,9
"Norman Stansfield, Area Sales Manager",Norman Stansfield,10307,1,1,1,1,6,1,0,58273,0,3,Area Sales Manager,NV,89139,5/9/1974,M ,Married,US Citizen,No,White,5/12/2014,,N/A-StillEmployed,Active,Sales,Lynn Daneault,21,Website,PIP,1.81,2,0,1/17/2019,3,5
"Tyrone Steans, Accountant I",Tyrone Steans,10147,0,0,1,1,1,3,0,63003,0,1,Accountant I,MA,2703,9/1/1986,M ,Single,US Citizen,No,White,9/29/2014,,N/A-StillEmployed,Active,Admin Offices,Brandon R. LeBlanc,1,Indeed,Fully Meets,3.9,5,5,1/18/2019,0,9
"Rick Stoica, Production Technician I",Rick Stoica,10266,1,1,1,1,5,3,0,61355,0,19,Production Technician I,MA,2301,3/14/1985,M ,Married,US Citizen,No,Asian,2/17/2014,,N/A-StillEmployed,Active,Production       ,Kelley Spirea,18,LinkedIn,Fully Meets,4.7,3,0,1/11/2019,0,4
"Caitrin Strong, Area Sales Manager",Caitrin Strong,10241,1,1,0,1,6,3,0,60120,0,3,Area Sales Manager,MT,59102,5/12/1989,F,Married,US Citizen,No,Black or African American,9/27/2010,,N/A-StillEmployed,Active,Sales,John Smith,17,Indeed,Fully Meets,4.1,4,0,1/31/2019,0,18
"Kissy Sullivan, Production Manager",Kissy Sullivan,10158,1,1,0,1,5,3,0,63682,0,18,Production Manager,MA,1776,3/28/1978,F,Married,US Citizen,No,Black or African American,1/8/2009,,N/A-StillEmployed,Active,Production       ,Janet King,2,Indeed,Fully Meets,3.73,4,0,1/24/2019,0,12
"Timothy Sullivan, Production Technician I",Timothy Sullivan,10117,1,1,1,1,5,3,0,63025,0,19,Production Technician I,MA,2747,10/7/1982,M ,Married,US Citizen,Yes,White,1/5/2015,,N/A-StillEmployed,Active,Production       ,Michael Albert,22,Google Search,Fully Meets,4.36,5,0,1/24/2019,0,10
"Barbara Sutwell, Production Technician I",Barbara Sutwell,10209,0,0,0,1,5,3,0,59238,0,19,Production Technician I,MA,2718,8/15/1968,F,Single,Eligible NonCitizen,No,Asian,5/14/2012,,N/A-StillEmployed,Active,Production       ,Elijiah Gray,16,Indeed,Fully Meets,3.4,5,0,1/31/2019,0,13
"Andrew Szabo, Software Engineer",Andrew Szabo,10024,0,0,1,1,4,4,0,92989,0,24,Software Engineer,MA,2140,5/6/1983,M ,Single,US Citizen,No,White,7/7/2014,,N/A-StillEmployed,Active,Software Engineering,Alex Sweetwater,10,LinkedIn,Exceeds,4.5,5,5,2/18/2019,0,1
"Biff Tannen, BI Developer",Biff Tannen,10173,1,1,1,1,3,3,0,90100,0,4,BI Developer,MA,2134,10/24/1987,M ,Married,US Citizen,No,White,4/20/2017,,N/A-StillEmployed,Active,IT/IS,Brian Champaigne,13,Indeed,Fully Meets,3.4,3,6,1/2/2019,0,14
"Desiree Tavares, Production Technician I",Desiree Tavares,10221,1,1,0,5,5,3,1,60754,1,19,Production Technician I,MA,1801,4/3/1975,F,Married,Non-Citizen,No,Black or African American,4/27/2009,4/1/2013,Another position,Voluntarily Terminated,Production       ,Webster Butler,39,Diversity Job Fair,Fully Meets,4.5,5,0,2/15/2012,0,11
"Lenora Tejeda, Production Technician II",Lenora Tejeda,10146,1,1,0,5,5,3,0,72202,1,20,Production Technician II,MA,2129,5/24/1953,F,Married,US Citizen,No,White,5/16/2011,7/8/2017,Another position,Voluntarily Terminated,Production       ,Elijiah Gray,16,Google Search,Fully Meets,3.93,3,0,4/18/2017,0,3
"Sharlene Terry, Area Sales Manager",Sharlene Terry,10161,0,0,0,1,6,3,0,58370,0,3,Area Sales Manager,OR,97756,5/7/1965,F,Single,US Citizen,No,Black or African American,9/29/2014,,N/A-StillEmployed,Active,Sales,Lynn Daneault,21,Indeed,Fully Meets,3.69,3,0,1/28/2019,0,18
"Sophia Theamstern, Production Technician I",Sophia Theamstern,10141,0,0,0,5,5,3,0,48413,1,19,Production Technician I,MA,2066,5/9/1965,F,Single,US Citizen,No,White,7/5/2011,9/5/2016,return to school,Voluntarily Terminated,Production       ,Amy Dunn,11,Indeed,Fully Meets,3.98,4,0,3/2/2016,0,1
"Kenneth Thibaud, Production Technician II",Kenneth Thibaud,10268,0,4,1,5,5,3,0,67176,1,20,Production Technician II,MA,2472,9/16/1975,M ,Widowed,US Citizen,No,White,6/25/2007,8/30/2010,military,Voluntarily Terminated,Production       ,Webster Butler,39,Other,Fully Meets,4.1,4,0,7/14/2010,0,15
"Jeanette Tippett, Production Technician I",Jeanette Tippett,10123,0,2,0,1,5,3,0,56339,0,19,Production Technician I,MA,2093,6/5/1967,F,Divorced,US Citizen,No,Black or African American,2/18/2013,,N/A-StillEmployed,Active,Production       ,Brannon Miller,12,Indeed,Fully Meets,4.21,5,0,1/14/2019,0,4
"Jack Torrence, Area Sales Manager",Jack Torrence,10013,0,3,1,1,6,4,0,64397,0,3,Area Sales Manager,ND,58782,1/15/1968,M ,Separated,US Citizen,No,White,1/9/2006,,N/A-StillEmployed,Active,Sales,Lynn Daneault,21,Indeed,Exceeds,4.1,3,0,1/4/2019,0,6
"Mei Trang, Production Technician I",Mei Trang,10287,0,0,0,1,5,2,0,63025,0,19,Production Technician I,MA,2021,5/16/1983,F,Single,US Citizen,No,White,2/17/2014,,N/A-StillEmployed,Active,Production       ,David Stanley,14,LinkedIn,Needs Improvement,2.44,5,0,2/11/2019,4,18
"Neville Tredinnick, Network Engineer",Neville Tredinnick,10044,1,1,1,5,3,3,0,75281,1,15,Network Engineer,MA,1420,5/5/1988,M ,Married,US Citizen,No,White,1/5/2015,2/12/2016,medical issues,Voluntarily Terminated,IT/IS,Peter Monroe,7,CareerBuilder,Fully Meets,5,3,5,4/15/2015,0,11
"Edward True, Software Engineer",Edward True,10102,0,0,1,5,4,3,1,100416,1,24,Software Engineer,MA,2451,6/14/1983,M ,Single,Non-Citizen,No,Black or African American,2/18/2013,4/15/2018,medical issues,Voluntarily Terminated,Software Engineering,Alex Sweetwater,10,Diversity Job Fair,Fully Meets,4.6,3,4,2/12/2017,0,9
"Cybil Trzeciak, Production Technician II",Cybil Trzeciak,10270,0,0,0,5,5,3,0,74813,1,20,Production Technician II,MA,1778,3/15/1985,F,Single,US Citizen,No,White,1/10/2011,7/2/2014,unhappy,Voluntarily Terminated,Production       ,Amy Dunn,11,LinkedIn,Fully Meets,4.4,3,0,1/5/2014,0,5
"Jumil Turpin, Network Engineer",Jumil Turpin,10045,1,1,1,1,3,3,0,76029,0,15,Network Engineer,MA,2343,3/31/1969,M ,Married,Eligible NonCitizen,No,White,3/30/2015,,N/A-StillEmployed,Active,IT/IS,Peter Monroe,7,Employee Referral,Fully Meets,5,4,7,1/14/2019,0,8
"Jackie Valentin, Area Sales Manager",Jackie Valentin,10205,1,1,0,1,6,3,0,57859,0,3,Area Sales Manager,AZ,85006,5/23/1991,F,Married,US Citizen,No,Two or more races,7/5/2011,,N/A-StillEmployed,Active,Sales,John Smith,17,Indeed,Fully Meets,2.81,3,0,1/17/2019,0,16
"Abdellah Veera, Production Technician I",Abdellah Veera,10014,0,2,1,5,5,4,0,58523,1,19,Production Technician I,MA,2171,1/31/1987,M ,Divorced,US Citizen,No,White,8/13/2012,2/5/2016,maternity leave - did not return,Voluntarily Terminated,Production       ,Kissy Sullivan,20,LinkedIn,Exceeds,4.5,5,0,2/1/2016,0,15
"Vincent Vega, Production Manager",Vincent Vega,10144,0,2,1,1,5,3,0,88976,0,17,Production Manager,MA,2169,10/10/1968,M ,Divorced,US Citizen,No,White,8/1/2011,,N/A-StillEmployed,Active,Production       ,Janet King,2,Employee Referral,Fully Meets,3.93,3,0,2/27/2019,0,19
"Noah Villanueva, Area Sales Manager",Noah Villanueva,10253,0,0,1,1,6,3,0,55875,0,3,Area Sales Manager,ME,4063,7/11/1989,M ,Single,US Citizen,No,Asian,3/5/2012,,N/A-StillEmployed,Active,Sales,John Smith,17,Website,Fully Meets,4.5,4,0,1/18/2019,0,11
"Lord Voldemort, Database Administrator",Lord Voldemort,10118,1,1,1,4,3,3,0,113999,1,8,Database Administrator,MA,1960,8/7/1986,M ,Married,US Citizen,No,Black or African American,2/16/2015,2/22/2017,"no-call, no-show",Terminated for Cause,IT/IS,Simon Roup,4,Employee Referral,Fully Meets,4.33,3,7,2/15/2017,0,9
"Colleen Volk, Production Technician I",Colleen Volk,10022,1,1,0,4,5,4,0,49773,1,19,Production Technician I,MA,2747,6/3/1986,F,Married,US Citizen,No,White,9/26/2011,2/8/2016,gross misconduct,Terminated for Cause,Production       ,Kelley Spirea,18,Google Search,Exceeds,4.3,5,0,2/1/2015,0,18
"Massenbach Anna Von Massenbach, Production Technician I",Massenbach Anna Von Massenbach,10183,0,0,0,2,5,3,0,62068,0,19,Production Technician I,MA,2124,4/6/1985,F,Single,US Citizen,No,White,7/5/2015,,N/A-StillEmployed,Active,Production       ,Michael Albert,22,LinkedIn,Fully Meets,3.21,3,0,1/29/2019,0,7
"Roger Walker, Production Technician II",Roger Walker,10190,0,0,1,1,5,3,0,66541,0,20,Production Technician II,MA,2459,2/10/1976,M ,Single,US Citizen,No,Black or African American,8/18/2014,,N/A-StillEmployed,Active,Production       ,Ketsia Liebig,19,Employee Referral,Fully Meets,3.11,5,0,2/12/2019,0,4
"E Wallace Courtney, Production Manager",E Wallace Courtney,10274,1,1,0,5,5,3,1,80512,1,18,Production Manager,MA,2478,11/14/1955,F,Married,US Citizen,No,Black or African American,9/26/2011,1/2/2012,Another position,Voluntarily Terminated,Production       ,Janet King,2,Diversity Job Fair,Fully Meets,4.5,3,0,1/2/2012,0,5
"Theresa Wallace, Production Technician I",Theresa Wallace,10293,0,0,0,5,5,2,0,50274,1,19,Production Technician I,MA,1887,8/2/1980,F,Single,US Citizen,No,White,8/13/2012,9/1/2015,career change,Voluntarily Terminated,Production       ,Elijiah Gray,16,CareerBuilder,Needs Improvement,2.5,3,0,9/5/2014,6,13
"Charlie Wang, Senior BI Developer",Charlie Wang,10172,0,0,1,1,3,3,0,84903,0,22,Senior BI Developer,MA,1887,7/8/1981,M ,Single,US Citizen,No,Asian,2/15/2017,,N/A-StillEmployed,Active,IT/IS,Brian Champaigne,13,Indeed,Fully Meets,3.42,4,7,1/4/2019,0,17
"Sarah Warfield, Sr. Network Engineer",Sarah Warfield,10127,0,4,0,1,3,3,0,107226,0,28,Sr. Network Engineer,MA,2453,5/2/1978,F,Widowed,US Citizen,No,Asian,3/30/2015,,N/A-StillEmployed,Active,IT/IS,Peter Monroe,7,Employee Referral,Fully Meets,4.2,4,8,2/5/2019,0,7
"Scott Whittier, Production Technician I",Scott Whittier,10072,0,0,1,5,5,3,0,58371,1,19,Production Technician I,MA,2030,5/24/1987,M ,Single,US Citizen,Yes,White,1/10/2011,5/15/2014,hours,Voluntarily Terminated,Production       ,Webster Butler,39,LinkedIn,Fully Meets,5,5,0,5/15/2014,0,11
"Barry Wilber, Production Technician I",Barry Wilber,10048,1,1,1,5,5,3,0,55140,1,19,Production Technician I,MA,2324,9/9/1965,M ,Married,Eligible NonCitizen,No,White,5/16/2011,9/7/2015,unhappy,Voluntarily Terminated,Production       ,Amy Dunn,11,Website,Fully Meets,5,3,0,2/15/2015,0,7
"Annie Wilkes, Production Technician I",Annie Wilkes,10204,0,2,0,5,5,3,0,58062,1,19,Production Technician I,MA,1876,7/30/1983,F,Divorced,US Citizen,No,White,1/10/2011,5/14/2012,Another position,Voluntarily Terminated,Production       ,Ketsia Liebig,19,Google Search,Fully Meets,3.6,5,0,2/6/2011,0,9
"Jacquelyn Williams, Production Technician I",Jacquelyn Williams,10264,0,0,0,5,5,3,1,59728,1,19,Production Technician I,MA,2109,10/2/1969,F,Single,US Citizen,Yes,Black or African American,1/9/2012,6/27/2015,relocation out of area,Voluntarily Terminated,Production       ,Ketsia Liebig,19,Diversity Job Fair,Fully Meets,4.3,4,0,6/2/2014,0,16
"Jordan Winthrop, Production Technician II",Jordan Winthrop,10033,0,0,1,5,5,4,0,70507,1,20,Production Technician II,MA,2045,11/7/1958,M ,Single,US Citizen,No,White,1/7/2013,2/21/2016,retiring,Voluntarily Terminated,Production       ,Brannon Miller,12,LinkedIn,Exceeds,5,3,0,1/19/2016,0,7
"Hang T Wolk, Production Technician II",Hang T Wolk,10174,0,0,0,1,5,3,0,60446,0,20,Production Technician II,MA,2302,4/20/1985,F,Single,US Citizen,No,White,9/29/2014,,N/A-StillEmployed,Active,Production       ,David Stanley,14,LinkedIn,Fully Meets,3.4,4,0,2/21/2019,0,14
"Jason Woodson, Production Technician II",Jason Woodson,10135,0,0,1,1,5,3,0,65893,0,20,Production Technician II,MA,1810,5/11/1985,M ,Single,US Citizen,No,White,7/7/2014,,N/A-StillEmployed,Active,Production       ,Kissy Sullivan,20,LinkedIn,Fully Meets,4.07,4,0,2/28/2019,0,13
"Catherine Ybarra, Production Technician I",Catherine Ybarra,10301,0,0,0,5,5,1,0,48513,1,19,Production Technician I,MA,2458,5/4/1982,F,Single,US Citizen,No,Asian,9/2/2008,9/29/2015,Another position,Voluntarily Terminated,Production       ,Brannon Miller,12,Google Search,PIP,3.2,2,0,9/2/2015,5,4
"Jennifer Zamora, CIO",Jennifer Zamora,10010,0,0,0,1,3,4,0,220450,0,6,CIO,MA,2067,8/30/1979,F,Single,US Citizen,No,White,4/10/2010,,N/A-StillEmployed,Active,IT/IS,Janet King,2,Employee Referral,Exceeds,4.6,5,6,2/21/2019,0,16
"Julia Zhou, Data Analyst",Julia Zhou,10043,0,0,0,1,3,3,0,89292,0,9,Data Analyst,MA,2148,2/24/1979,F,Single,US Citizen,No,White,3/30/2015,,N/A-StillEmployed,Active,IT/IS,Simon Roup,4,Employee Referral,Fully Meets,5,3,5,2/1/2019,0,11
"Colleen Zima, Production Technician I",Colleen Zima,10271,0,4,0,1,5,3,0,45046,0,19,Production Technician I,MA,1730,8/17/1978,F,Widowed,US Citizen,No,Asian,9/29/2014,,N/A-StillEmployed,Active,Production       ,David Stanley,14,LinkedIn,Fully Meets,4.5,5,0,1/30/2019,0,2
